Ticker,,,,,,,,
A,SIG,2,,,Y,Y,L,12
AA,CITADEL,1,,,Y,Y,L-W,25
AABA,SIG,1,,,Y,Y,L-W,14
AAC,WOLVERINE,3,,,,,,24
AAL,SIG,2,,Y,Y,Y,L-W,15
AAN,CITADEL,2,,Y,Y,,L,13
AAOI,WOLVERINE,3,,,Y,Y,L-W,15
AAP,SIG,3,,,Y,Y,L,13
AAPL,SIG,1,,,Y,Y,L-W,14
AAT,WOLVERINE,1,,,,,,14
AAU,SIG,3,,,,,,12
AAWW,BARCLAYS,2,,,,,,14
AAXJ,SIG:RUT,3,,,Y,,E-L,34
AAXN,SIG,3,,,Y,Y,L,11
AB,SIG,1,,,,,,21
ABB,MORGAN,3,,,,,,17
ABBV,SIG,2,,,Y,Y,L-W,13
ABC,SIG,2,,,Y,Y,L-W,24
ABEO,GROUP ONE,3,,,Y,,L,12
ABEV,SIG,1,,,,,,15
ABG,GROUP ONE,1,,,,,,23
ABMD,CITADEL,3,,Y,Y,Y,L,11
ABR,WOLVERINE,1,,,,,,14
ABT,SIG,2,,,Y,Y,L-W,24
ABUS,SIG,3,,,,,,12
ACA,CITADEL,2,,,,,,13
ACAD,SIG,3,,,Y,Y,L-W,21
ACB,SIG,2,,,Y,Y,L-W,11
ACC,BARCLAYS,3,,,,,,23
ACCO,SIG,3,,,,,,13
ACET,GROUP ONE,2,,,,,,14
ACGL,SIG,3,,,,,,26
ACH,CITADEL,2,,,,,,21
ACHC,GROUP ONE,3,,Y,,,L,11
ACHN,SIG,3,,,,,,14
ACIA,CITADEL,2,,,Y,,L,14
ACIW,MORGAN,2,,,,,,16
ACLS,CITADEL,3,,,,,,11
ACM,BARCLAYS,3,,,,,,25
ACN,CITADEL,2,,,Y,Y,L-W,25
ACOR,SIG,1,,,,,,16
ACRE,SIG,2,,,,,,23
ACRX,SIG,3,,,Y,,L,16
ACTG,MORGAN,2,,,,,,11
ACWI,SIG:RUT,1,,,Y,,E-L,34
ACWV,SIG:RUT,1,,,,,E,34
ACWX,SUMO,3,,,,,E,34
ADAP,CITADEL,3,,,,,,12
ADBE,BARCLAYS,1,,,Y,Y,L-W,25
ADC,WOLVERINE,1,,,,,,21
ADI,CITIGROUP,3,,,Y,Y,L-W,24
ADM,TWO SIGMA,3,,,Y,Y,L-W,22
ADMA,SIG,2,,,,,,16
ADMP,CITADEL,3,,,,,,17
ADMS,CITADEL,3,,,Y,,L,21
ADNT,BARCLAYS,1,,,Y,Y,L,15
ADP,BARCLAYS,2,,,Y,Y,L-W,25
ADS,SIG,3,,Y,,,L,13
ADSK,BARCLAYS,1,,,Y,Y,L-W,25
ADSW,GROUP ONE,1,,,,,,17
ADT,MORGAN,2,,,Y,Y,L,25
ADTN,BARCLAYS,2,,,,,,15
ADUS,CITADEL,1,,,,,,11
ADXS,SIG,1,,,,,,21
AEE,SIG,3,,,,,,26
AEG,BARCLAYS,1,,,,,,16
AEGN,SIG,3,,,,,,11
AEIS,SIG,1,,,,,,26
AEL,CITADEL,2,,,,,,24
AEM,SIG,2,,,Y,Y,L,13
AEO,SIG,2,,,Y,Y,L-W,12
AEP,CITADEL,2,,,Y,Y,L,25
AER,SIG,1,,Y,,,L,24
AERI,SIG,2,,Y,,,L,15
AES,SIG,2,,,,,,26
AFL,CITADEL,2,,,Y,Y,L-W,25
AFMD,CITADEL,1,,,,,,16
AFTY,CITADEL,3,,,,,E,13
AG,CITADEL,1,,Y,Y,Y,L-W,24
AGCO,TWO SIGMA,2,,,,,,22
AGEN,GROUP ONE,2,,,,,,17
AGFS,CITADEL,1,,,,,,13
AGG,SIG:RUT,3,,,,,E,34
AGI,WOLVERINE,3,,,,,,21
AGIO,SIG,2,,,,,,24
AGLE,GROUP ONE,1,,,,,,17
AGM,CITADEL,2,,,,,,14
AGN,BARCLAYS,2,,Y,Y,Y,L-W,16
AGNC,MORGAN,3,,,Y,Y,L-W,17
AGO,WOLVERINE,1,,,Y,Y,L,24
AGQ,BARCLAYS,3,,,,,E,16
AGRX,GROUP ONE,3,,,,,,17
AGTC,CITADEL,1,,,,,,26
AHC,SUMO,2,,,,,,21
AHH,SIG,2,,,,,,26
AHT,WOLVERINE,3,,,,,,16
AI,WOLVERINE,1,,,,,,15
AIA,SUMO,2,,,,,E,16
AIG,CITADEL,2,,,Y,Y,L-W,13
AIMC,SIG,1,,Y,,,L,17
AIN,SIG,3,,,,,,13
AINV,BARCLAYS,3,,,,,,12
AIR,CITADEL,2,,,,,,13
AIV,WOLVERINE,3,,,,,,24
AIZ,CITADEL,3,,,Y,Y,L,14
AJG,WOLVERINE,1,,,,,,14
AJRD,BARCLAYS,2,,,,,,24
AKAM,SIG,2,,,Y,Y,L-W,26
AKAO,GROUP ONE,3,,,Y,Y,L,17
AKBA,CITADEL,1,,,Y,,L,11
AKCA,SIG,1,,,,,,26
AKG,WOLVERINE,2,,,,,,14
AKRX,SIG,3,,,Y,Y,L-W,17
AKS,SIG,3,,,Y,Y,L-W,12
AL,SIG,2,,,,,,15
ALB,SIG,3,,,Y,Y,L,11
ALBO,SIG,1,,,,,,23
ALDR,MORGAN,1,,,,,,14
ALDX,GROUP ONE,3,,,,,,17
ALEX,CITADEL,3,,,,,,12
ALFA,SUMO,3,,,,,E,14
ALGN,BARCLAYS,1,,,Y,Y,L-W,16
ALGT,SIG,1,,Y,,,L,23
ALIM,SIG,1,,,,,,16
ALK,SIG,1,,,Y,Y,L,23
ALKS,CITADEL,2,,,,,,15
ALL,SIG,1,,,Y,Y,L,23
ALLE,WOLVERINE,3,,,,,,14
ALLO,GROUP ONE,2,,,,,,17
ALLT,SIG,3,,,,,,15
ALLY,CITADEL,3,,,Y,Y,L,11
ALNY,SIG,3,,,Y,Y,L,15
ALRM,SUMO,3,,,,,,13
ALSK,WOLVERINE,1,,,,,,11
ALSN,SIG,2,,,,,,23
ALT,GROUP ONE,3,,,,,,17
ALV,CITADEL,3,,,,,,15
ALXN,SIG,2,,,Y,Y,L-W,15
AM,SIG,3,,,,,,23
AMAG,CITADEL,2,,,,,,23
AMAT,CITADEL,1,,,Y,Y,L-W,25
AMBA,SIG,2,,,Y,Y,L-W,11
AMBC,WOLVERINE,2,,,,,,14
AMBR,CITADEL,1,,,,,,21
AMC,CITADEL,3,,,Y,Y,L-W,26
AMCN,SIG,3,,,,,,11
AMCX,SIG,3,,,,,,24
AMD,CITIGROUP,1,,,Y,Y,L-W,15
AME,CITADEL,3,,,,,,24
AMED,CITADEL,3,,Y,,,L,14
AMG,SIG,3,,,,,,14
AMGN,CITADEL,1,,,Y,Y,L-W,24
AMH,SIG,3,,,,,,16
AMID,WOLVERINE,1,,,,,,13
AMJ,WOLVERINE,3,,,Y,Y,L-N-W,40
AMKR,BARCLAYS,3,,,,,,25
AMLP,SIG:RUT,1,,,Y,Y,E-L-W,34
AMN,WOLVERINE,1,,,,,,15
AMOT,SIG,1,,,,,,14
AMP,CITADEL,3,,Y,,,L,11
AMPE,WOLVERINE,1,,,Y,Y,L,11
AMR,GROUP ONE,3,,,,,,17
AMRC,WOLVERINE,1,,,,,,14
AMRN,GROUP ONE,3,,,Y,Y,L-W,17
AMRS,SIG,3,,,Y,,L,16
AMRX,CITADEL,3,,,,,,17
AMSC,SIG,1,,,,,,21
AMT,SIG,1,,,Y,Y,L-W,13
AMTD,SIG,2,,,Y,Y,L-W,12
AMWD,SIG,1,,,,,,11
AMX,CITADEL,2,,,,,,25
AMZN,CITADEL,1,,,Y,Y,L-W,25
AN,SIG,1,,,,,,24
ANAB,SIG,2,,,,,,13
ANDE,SIG,3,,,,,,24
ANDX,WOLVERINE,3,,,,,,23
ANET,WOLVERINE,3,,,Y,Y,L-W,11
ANF,BARCLAYS,2,,,Y,Y,L-W,25
ANFI,SIG,2,,,,,,23
ANGI,SIG,2,,,,,,12
ANGL,SUMO,1,,,,,E,24
ANIK,GROUP ONE,3,,,,,,17
ANIP,SIG,1,,,,,,26
ANSS,BARCLAYS,1,,Y,,,L,21
ANTM,SIG,3,,,Y,Y,L-W,23
ANWWQ,GROUP ONE,3,,,,,,17
AOBC,CITADEL,3,,,Y,Y,L-W,21
AON,SIG,1,,,,,,21
AOS,SIG,1,,,,,,15
AP,WOLVERINE,3,,,,,,14
APA,SIG,1,,,Y,Y,L-W,24
APAM,CITADEL,3,,,,,,12
APC,SIG,2,,,Y,Y,L-W,13
APD,BARCLAYS,3,,,,,,11
APDN,WOLVERINE,3,,,,,,21
APEI,MORGAN,3,,,,,,23
APH,BARCLAYS,1,,,,,,25
APHA,GROUP ONE,1,,,Y,Y,L-W,17
APO,BARCLAYS,3,,,Y,Y,L-W,23
APOG,BARCLAYS,2,,,,,,26
APPF,SIG,1,,,,,,24
APPN,SIG,2,,,,,,13
APPS,GROUP ONE,3,,,,,,26
APRN,MORGAN,1,,,Y,Y,L-W,16
APT,CITADEL,2,,,,,,16
APTV,SIG,2,,,Y,Y,L,12
APU,BARCLAYS,2,,,,,,13
APVO,GROUP ONE,3,,,,,,17
AQMS,GROUP ONE,1,,,,,,17
AQXP,GROUP ONE,1,,,,,,16
AR,SIG,2,,Y,Y,Y,L,11
ARA,WOLVERINE,3,,,,,,13
ARAV,SIG,3,,,Y,,L,17
ARAY,GROUP ONE,3,,,,,,17
ARC,WOLVERINE,2,,,,,,12
ARCB,BARCLAYS,3,,,,,,25
ARCC,CITADEL,3,,,Y,Y,L,26
ARCH,CITADEL,2,,,,,,22
ARCO,GROUP ONE,2,,,,,,17
ARCT,GROUP ONE,3,,,,,,17
ARD,SUMO,3,,,,,,25
ARDX,CITADEL,1,,,,,,15
ARE,WOLVERINE,1,,,,,,15
ARES,SIG,3,,,,,,11
AREX,WOLVERINE,1,,,,,,23
ARGT,SIG:RUT,1,,,,,E,34
ARI,SUMO,2,,,,,,23
ARKK,SUMO,3,,,,,E,11
ARLO,GROUP ONE,1,,,,,,17
ARLP,SIG,3,,,,,,23
ARMK,SIG,1,,,,,,21
ARNA,CITADEL,1,,,Y,,L-W,12
ARNC,CITADEL,1,,,Y,Y,L-W,25
AROC,CITADEL,2,,,,,,26
ARQL,GROUP ONE,1,,,,,,17
ARR,GROUP ONE,1,,,,,,17
ARRS,SIG,2,,,,,,16
ARRY,MORGAN,3,,,Y,Y,L,17
ARTX,CITADEL,2,,,,,,11
ARW,CITADEL,3,,,,,,15
ARWR,WOLVERINE,3,,,Y,Y,L,14
ASA,SIG,2,,,,,,14
ASB,SIG,3,,,,,,11
ASC,WOLVERINE,1,,,,,,15
ASGN,WOLVERINE,3,,Y,,,L,15
ASH,CITADEL,1,,,Y,,L,25
ASHR,SIG:RUT,1,,,Y,Y,E-L-W,34
ASHS,SUMO,3,,,,,E,16
ASIX,CITADEL,3,,,,,,26
ASMB,SIG,2,,,,,,13
ASML,SIG,1,,Y,,,L,24
ASNA,BARCLAYS,3,,,Y,Y,L,25
ASPS,WOLVERINE,1,,,,,,13
ASR,SIG,3,,,,,,11
ASRT,MORGAN,3,,,,,,17
ASTE,SIG,3,,,,,,24
ASUR,WOLVERINE,3,,,,,,14
ASYS,SIG,2,,,,,,13
AT,MORGAN,1,,,,,,15
ATEN,CITADEL,2,,,,,,21
ATGE,TWO SIGMA,2,,Y,,,L,22
ATH,SIG,2,,,,,,11
ATHM,WOLVERINE,3,,,,,,15
ATHX,GROUP ONE,1,,,,,,17
ATI,CITIGROUP,1,,,Y,Y,L,12
ATKR,WOLVERINE,1,,,,,,14
ATLC,SIG,1,,,,,,14
ATNI,BARCLAYS,3,,,,,,11
ATNX,CITADEL,1,,,,,,24
ATO,WOLVERINE,1,,,,,,23
ATR,BARCLAYS,2,,,,,,13
ATRA,CITADEL,3,,,,,,25
ATRS,GROUP ONE,2,,,,,,17
ATSG,GROUP ONE,3,,,,,,17
ATTU,SUMO,1,,,,,,14
ATU,SIG,2,,,,,,14
ATUS,CITADEL,3,,,Y,Y,L,25
ATVI,SIG,2,,,Y,Y,L-W,11
AU,BARCLAYS,1,,,Y,Y,L,12
AUDC,CITADEL,3,,,,,,16
AUO,SIG,1,,,,,,21
AUPH,CITADEL,1,,Y,,,L,13
AUTO,CITADEL,1,,,,,,15
AUY,MORGAN,1,,,Y,Y,L-W,25
AVA,CITADEL,3,,,,,,26
AVAV,SIG,3,,Y,,,L,12
AVB,CITADEL,1,,,,,,21
AVD,WOLVERINE,2,,,,,,15
AVDL,SIG,3,,,,,,23
AVEO,SIG,1,,,Y,Y,L,14
AVGO,SIG,1,,,Y,Y,L-W,24
AVH,SIG,3,,,,,,16
AVID,CITADEL,1,,,,,,16
AVNS,SIG,1,,,,,,11
AVP,TWO SIGMA,1,,,Y,Y,L-W,22
AVT,BARCLAYS,2,,,,,,24
AVX,WOLVERINE,3,,,,,,14
AVXL,CITADEL,1,,,,,,14
AVY,WOLVERINE,1,,,,,,23
AVYA,WOLVERINE,3,,,,,,14
AWI,BARCLAYS,3,,,,,,15
AWK,SIG,3,,,,,,24
AWR,SIG,3,,,,,,11
AWRE,SIG,1,,,,,,16
AX,WOLVERINE,1,,,Y,,L,24
AXAS,WOLVERINE,3,,,,,,14
AXDX,CITADEL,2,,,,,,17
AXE,BARCLAYS,2,,,,,,13
AXGN,GROUP ONE,1,,,,,,12
AXGT,SIG,2,,,Y,Y,L,23
AXL,SIG,1,,,Y,Y,L,15
AXP,TWO SIGMA,1,,,Y,Y,L-W,22
AXS,CITADEL,3,,,,,,11
AXSM,SIG,3,,,,,,21
AXTA,CITADEL,1,,,Y,Y,L,23
AXTI,MORGAN,2,,,,,,21
AXU,WOLVERINE,1,,,,,,14
AY,MORGAN,2,,,Y,,L,11
AYI,CITADEL,2,,Y,,,L,24
AYR,SIG,1,,,,,,21
AYX,SIG,2,,Y,,,L,24
AZN,CITIGROUP,1,,,Y,Y,L-W,13
AZO,SIG,3,,,Y,Y,L-W,11
AZPN,SIG,1,,,,,,16
AZUL,SIG,2,,,,,,25
AZZ,BARCLAYS,2,,,,,,21
B,WOLVERINE,3,,,,,,26
BA,CITADEL,2,,,Y,Y,L-W,25
BABA,SIG,1,,,Y,Y,L-W,21
BAC,BARCLAYS,2,,,Y,Y,L-W,25
BAH,WOLVERINE,3,,,,,,14
BAK,BARCLAYS,3,,,,,,21
BAL,CITADEL,3,,,,,E,14
BAM,BARCLAYS,3,,,,,,12
BANC,WOLVERINE,1,,,,,,15
BANR,BARCLAYS,2,,,,,,15
BAP,SIG,2,,,,,,23
BAS,WOLVERINE,1,,,,,,14
BAX,CITADEL,2,,,Y,Y,L-W,25
BB,SIG,3,,,Y,Y,L-W,21
BBBY,BARCLAYS,2,,,Y,Y,L-W,23
BBD,BARCLAYS,3,,,Y,Y,L,13
BBDC,CITADEL,3,,,,,,11
BBH,SIG:RUT,3,,,,,E,34
BBL,SIG,3,,,,,,14
BBSI,WOLVERINE,2,,,,,,15
BBT,SIG,3,,,Y,Y,L,24
BBU,WOLVERINE,3,,,,,,14
BBVA,GROUP ONE,1,,,,,,17
BBW,CITADEL,3,,,,,,13
BBY,SIG,3,,,Y,Y,L-W,13
BC,SIG,3,,,,,,12
BCC,SIG,1,,,,,,12
BCE,CITADEL,3,,,,,,23
BCEI,GROUP ONE,1,,,,,,17
BCLI,GROUP ONE,2,,,,,,17
BCO,SIG,3,,Y,,,L,12
BCOR,CITADEL,1,,,,,,21
BCOV,SIG,1,,,,,,11
BCPC,SIG,2,,,,,,15
BCRX,GROUP ONE,3,,Y,,,L,17
BCS,SIG,3,,,Y,Y,L,13
BDC,WOLVERINE,3,,,,,,13
BDN,WOLVERINE,1,,,,,,24
BDSI,WOLVERINE,3,,,,,,23
BDX,SIG,3,,Y,,,L-W,15
BE,GROUP ONE,2,,,,,,17
BEAT,SIG,2,,Y,,,L,14
BECN,CITADEL,1,,,,,,15
BEL,BARCLAYS,3,,,,,,16
BEN,BARCLAYS,1,,,,,,23
BERY,SIG,3,,,Y,Y,L,14
BEST,CITADEL,1,,,,,,24
BFAM,WOLVERINE,3,,,,,,26
BFB,WOLVERINE,3,,,,,,11
BFOR,SIG:RUT,2,,,,,E,34
BFR,GROUP ONE,1,,,,,,26
BG,CITIGROUP,1,,,Y,Y,L,12
BGCP,WOLVERINE,2,,,Y,Y,L,15
BGFV,WOLVERINE,1,,,,,,24
BGG,SIG,1,,,,,,11
BGNE,CITADEL,2,,,,,,21
BGS,WOLVERINE,2,,,Y,Y,L,24
BHC,SIG,1,,,Y,Y,L-W,23
BHE,SIG,1,,,,,,11
BHF,SIG,2,,,Y,Y,L,21
BHGE,CITADEL,1,,,Y,Y,L,15
BHP,SIG,2,,,Y,Y,L,16
BHR,CITADEL,1,,,,,,21
BHVN,GROUP ONE,1,,,,,,17
BIB,SIG:RUT,2,,,,,E,34
BID,BARCLAYS,1,,Y,,,L,25
BIDU,CITIGROUP,3,,,Y,Y,L-W,14
BIG,BARCLAYS,1,,,Y,Y,L,25
BIIB,SIG,1,,,Y,Y,L-W,15
BIL,WOLVERINE,1,,,Y,Y,E-L,14
BILI,CITADEL,1,,,Y,Y,L,25
BIO,SIG,3,,,,,,14
BIOS,WOLVERINE,1,,,,,,23
BIP,WOLVERINE,3,,,,,,21
BIS,SIG:RUT,2,,,,,E,34
BITA,CITADEL,1,,,Y,Y,L,12
BIV,SIG:RUT,1,,,,,E,34
BJ,CITADEL,2,,,,,,15
BJK,SIG:RUT,3,,,,,E,34
BJRI,SIG,1,,,Y,,L,13
BK,TWO SIGMA,3,,,Y,Y,L-W,22
BKCC,WOLVERINE,2,,,,,,23
BKD,WOLVERINE,1,,,Y,,L,15
BKE,WOLVERINE,3,,,,,,24
BKEP,SUMO,3,,,,,,21
BKF,WOLVERINE,3,,,,,E,40
BKLN,MORGAN,1,,,Y,Y,E-L,26
BKNG,SIG,1,,,Y,Y,L-W,14
BKS,WOLVERINE,1,,,Y,Y,L,13
BKU,CITADEL,2,,,,,,12
BL,SIG,2,,,,,,12
BLCM,CITADEL,2,,,,,,23
BLCN,WOLVERINE,1,,,,,E,14
BLD,MORGAN,1,,Y,,,L,16
BLDP,CITADEL,2,,,,,,25
BLDR,WOLVERINE,2,,,Y,Y,L,23
BLK,SIG,1,,,Y,Y,L-W,11
BLKB,CITADEL,3,,,,,,14
BLL,SIG,2,,,Y,Y,L,15
BLMN,SIG,1,,,Y,Y,L,23
BLNK,GROUP ONE,3,,,,,,17
BLOK,SUMO,2,,,,,E,11
BLUE,CITADEL,2,,,Y,Y,L,17
BLV,SIG:RUT,3,,,,,E,34
BMA,SIG,1,,,,,,24
BMCH,CITADEL,1,,,,,,11
BMI,SIG,2,,,,,,13
BMO,BARCLAYS,3,,,,,,25
BMRN,CITADEL,1,,,Y,Y,L,13
BMS,CITADEL,1,,,,,,26
BMY,TWO SIGMA,3,,,Y,Y,L-W,22
BND,SIG:RUT,3,,,,,E,34
BNDX,WOLVERINE,3,,,,,E,40
BNED,WOLVERINE,1,,,,,,26
BNFT,MORGAN,2,,,,,,24
BNO,SIG:RUT,1,,,,,E,34
BNS,CITADEL,3,,,,,,14
BOIL,SIG:RUT,3,,,Y,,E-L,34
BOKF,BARCLAYS,3,,,,,,23
BOLD,GROUP ONE,2,,,,,,17
BOND,WOLVERINE,2,,,,,E,14
BOOM,SIG,3,,,,,,13
BOOT,CITADEL,2,,,,,,16
BOTZ,SUMO,3,,,,,E,13
BOX,CITADEL,3,,,Y,Y,L,23
BP,TWO SIGMA,1,,Y,Y,Y,L-W,22
BPI,CITADEL,2,,,,,,26
BPL,SIG,2,,,Y,Y,L,13
BPMC,CITADEL,1,,,,,,11
BPMP,SIG,2,,,,,,21
BPOP,BARCLAYS,1,,Y,,,L,24
BPR,WOLVERINE,2,,,,,,14
BPT,CITADEL,3,,,,,,23
BPY,SIG,1,,,Y,Y,L,16
BR,WOLVERINE,3,,,,,,24
BRC,WOLVERINE,2,,,,,,26
BREW,CITADEL,2,,,,,,17
BRF,SIG:RUT,1,,,,,E,34
BRFS,CITADEL,3,,,Y,Y,L,23
BRG,SUMO,1,,,,,,23
BRK.B,BARCLAYS,3,,,Y,Y,,23
BRKL,WOLVERINE,3,,,,,,14
BRKR,BARCLAYS,3,,,,,,14
BRKS,CITADEL,1,,,,,,14
BRO,CITADEL,3,,,,,,14
BRS,WOLVERINE,3,,,,,,23
BRX,WOLVERINE,2,,,,,,14
BRZU,CITADEL,3,,,Y,Y,E-L,16
BSAC,WOLVERINE,1,,,,,,21
BSBR,SIG,3,,,,,,15
BSET,WOLVERINE,1,,,,,,26
BSM,SIG,1,,,,,,24
BSMX,SIG,1,,,,,,13
BSQR,WOLVERINE,3,,,,,,21
BSRR,SIG,3,,,,,,24
BSX,CITADEL,2,,,Y,Y,L-W,25
BTE,SIG,1,,,,,,13
BTG,WOLVERINE,1,,,,,,12
BTI,SIG,3,,,Y,,L,24
BTN,WOLVERINE,3,,,,,,26
BTU,SIG,1,,,,,,12
BTX,GROUP ONE,3,,,,,,17
BUD,SIG,3,,,Y,Y,L-W,13
BURL,SIG,3,,,Y,Y,L-W,13
BVN,SIG,3,,,,,,23
BW,GROUP ONE,2,,,,,,17
BWA,CITADEL,1,,Y,,,L,25
BWX,SIG:RUT,1,,,,,E,34
BWXT,BARCLAYS,2,,,,,,15
BX,WOLVERINE,3,,,Y,Y,L-W,14
BXC,CITADEL,2,,,,,,22
BXMT,SIG,1,,,,,,12
BXP,BARCLAYS,1,,,,,,25
BXS,SIG,1,,,,,,11
BYD,BARCLAYS,3,,,Y,Y,L,24
BZF,SIG:RUT,3,,,,,E,34
BZH,CITIGROUP,2,,,,,,15
BZQ,CITADEL,2,,,,,E,11
BZUN,WOLVERINE,1,,,Y,Y,L,13
C,SIG,3,,,Y,Y,L-W,11
CAAS,SIG,2,,,,,,15
CACC,CITADEL,1,,,,,,24
CACI,TWO SIGMA,3,,Y,,,L,22
CADE,WOLVERINE,3,,,,,,14
CAF,SUMO,2,,,,,,14
CAG,GROUP ONE,3,,,Y,Y,L,17
CAH,CITIGROUP,3,,,Y,Y,L-W,11
CAI,WOLVERINE,1,,,,,,14
CAJ,WOLVERINE,3,,,,,,24
CAKE,BARCLAYS,1,,,Y,Y,L,25
CAL,WOLVERINE,2,,,,,,26
CALA,SUMO,3,,,,,,15
CALM,GROUP ONE,2,,Y,,,L-W,17
CALX,MORGAN,1,,,,,,24
CAMP,SIG,3,,,,,,21
CAMT,WOLVERINE,2,,,,,,11
CANE,WOLVERINE,1,,,,,E,14
CAPL,CITADEL,1,,,,,,26
CAR,CITIGROUP,2,,,Y,Y,L,13
CARA,CITADEL,2,,,Y,Y,L,17
CARB,SIG,3,,,,,,26
CARG,SIG,2,,,,,,23
CARS,BARCLAYS,3,,,Y,Y,L,25
CASA,CITADEL,2,,,,,,11
CASY,WOLVERINE,2,,,,,,14
CAT,CITADEL,2,,,Y,Y,L-W,24
CATM,SIG,3,,,,,,24
CB,MORGAN,2,,,Y,Y,L,14
CBAY,GROUP ONE,1,,,,,,17
CBB,GROUP ONE,2,,,,,,17
CBD,SIG,3,,,,,,14
CBK,SIG,3,,,,,,13
CBL,BARCLAYS,3,,,Y,Y,L,15
CBLK,CITADEL,1,,,,,,23
CBOE,SIG,3,,,Y,Y,L-W,14
CBPX,SUMO,2,,,,,,23
CBRE,SIG,3,,,,,,13
CBRL,BARCLAYS,3,,,Y,,L,13
CBS,SIG,3,,,Y,Y,L-W,23
CBSA,SIG,2,,,,,,23
CBSH,SIG,2,,,,,,11
CBU,MORGAN,2,,,,,,12
CC,TWO SIGMA,1,,,Y,Y,L-W,22
CCEP,SIG,2,,,,,,24
CCI,SIG,1,,,Y,Y,L,26
CCIH,WOLVERINE,2,,,,,,14
CCJ,BARCLAYS,3,,,Y,Y,L-W,25
CCK,BARCLAYS,1,,,Y,Y,L,15
CCL,TWO SIGMA,1,,,Y,Y,L-W,22
CCLP,WOLVERINE,1,,,,,,26
CCMP,SIG,1,,,,,,21
CCO,SIG,3,,,,,,12
CCRN,SUMO,3,,,,,,23
CCS,SIG,3,,,,,,24
CCXI,CITADEL,2,,,,,,22
CDAY,GROUP ONE,3,,,,,,13
CDE,BARCLAYS,3,,,Y,Y,L,25
CDEV,WOLVERINE,1,,,,,,14
CDK,BARCLAYS,2,,,,,,15
CDMO,GROUP ONE,1,,,,,,17
CDNA,GROUP ONE,2,,,,,,17
CDNS,CITADEL,2,,Y,,,L,26
CDR,WOLVERINE,1,,,,,,14
CDTX,GROUP ONE,3,,,,,,17
CDW,SIG,3,,,,,,24
CDXC,SUMO,2,,,,,,12
CDXS,WOLVERINE,3,,,,,,14
CDZI,CITADEL,2,,,,,,25
CE,CITADEL,3,,,,,,23
CECE,SUMO,2,,,,,,11
CECO,SIG,1,,,,,,15
CEIX,WOLVERINE,3,,,,,,14
CELG,TWO SIGMA,1,,,Y,Y,L-W,22
CENTA,WOLVERINE,3,,,,,,26
CENX,CITADEL,3,,,Y,,L,26
CEO,GROUP ONE,3,,Y,,,L,17
CEQP,WOLVERINE,1,,,,,,11
CERN,SIG,3,,,Y,Y,L,16
CERS,CITADEL,2,,,,,,23
CETV,SIG,1,,,,,,24
CEVA,MORGAN,3,,,,,,12
CEW,SIG:RUT,1,,,,,E,34
CF,SIG,2,,,Y,Y,L-W,13
CFFN,SIG,2,,,,,,24
CFG,CITADEL,1,,,,,,14
CFR,BARCLAYS,1,,Y,,,L,21
CFX,CITADEL,3,,,,,,16
CG,SIG,3,,,,,,24
CGA,GROUP ONE,3,,,,,,17
CGBD,WOLVERINE,2,,,,,,14
CGC,SIG,1,,,Y,Y,L-W,12
CGIX,GROUP ONE,3,,,,,,17
CGNX,WOLVERINE,2,,Y,,,L,26
CHAD,SUMO,3,,,,,E,11
CHAU,SUMO,2,,,,,E,23
CHD,MORGAN,1,,,,,,21
CHDN,WOLVERINE,3,,,,,,26
CHE,SIG,3,,,,,,13
CHFC,MORGAN,3,,,,,,15
CHGG,SIG,1,,,Y,Y,L,14
CHH,CITADEL,3,,,,,,14
CHIC,SUMO,3,,,,,E,21
CHIQ,SIG:RUT,3,,,,,E,34
CHIX,SIG:RUT,2,,,,,E,34
CHK,CITIGROUP,1,,Y,Y,Y,L-W,12
CHKE,WOLVERINE,1,,,,,,14
CHKP,CITIGROUP,1,,,Y,Y,L,12
CHKR,WOLVERINE,2,,,,,,14
CHL,CITIGROUP,3,,,,,,14
CHRW,CITADEL,2,,,Y,Y,L,13
CHS,BARCLAYS,2,,,Y,Y,L,23
CHT,SIG,3,,,,,,12
CHTR,SIG,3,,,Y,Y,L-W,14
CHU,SIG,1,,,,,,15
CHUY,SIG,1,,,,,,24
CI,SIG,1,,,Y,Y,L-W,23
CIA,SUMO,2,,,,,,11
CIBR,SUMO,2,,,,,E,12
CIEN,BARCLAYS,1,,,Y,Y,L-W,25
CIG,SIG,3,,,,,,23
CIM,WOLVERINE,3,,Y,,,L,21
CINF,CITADEL,3,,,,,,13
CIO,SIG,1,,,,,,15
CIR,WOLVERINE,2,,,,,,26
CISN,SIG,2,,,,,,16
CIT,WOLVERINE,1,,,Y,,L,14
CJ,CITADEL,1,,,,,,25
CKH,WOLVERINE,1,,,,,,13
CL,TWO SIGMA,2,,,Y,Y,L-W,22
CLAR,CITADEL,2,,,,,,23
CLB,SIG,3,,,,,,12
CLBK,GROUP ONE,1,,,,,,17
CLD,GROUP ONE,2,,,,,,17
CLDR,WOLVERINE,2,,,Y,Y,L,14
CLDT,WOLVERINE,2,,,,,,16
CLDX,CITADEL,2,,,,,,25
CLF,BARCLAYS,1,,,Y,Y,L-W,15
CLFD,SIG,3,,,,,,16
CLGX,GROUP ONE,1,,,,,,11
CLH,MORGAN,1,,,,,,13
CLI,WOLVERINE,1,,,,,,26
CLIR,GROUP ONE,2,,,,,,17
CLLS,GROUP ONE,2,,,,,,26
CLMT,BARCLAYS,2,,,Y,,L,21
CLNE,MORGAN,3,,,,,,14
CLNY,SIG,3,,,,,,23
CLR,BARCLAYS,3,,,Y,Y,L-W,24
CLS,BARCLAYS,3,,,,,,21
CLSD,SIG,1,,,,,,22
CLVS,SIG,1,,,Y,Y,L,17
CLX,SIG,1,,,Y,Y,L-W,13
CM,BARCLAYS,3,,,,,,24
CMA,CITADEL,1,,,Y,Y,L,25
CMC,WOLVERINE,3,,,,,,14
CMCM,SIG,3,,,Y,,L,17
CMCO,SIG,3,,,,,,14
CMCSA,CITADEL,1,,,Y,Y,L-W,25
CMD,WOLVERINE,3,,,,,,11
CME,SIG,3,,,Y,Y,L-W,11
CMG,SIG,3,,,Y,Y,L-W,23
CMI,SIG,3,,,Y,Y,L-W,12
CMO,MORGAN,2,,,,,,13
CMP,SIG,3,,,,,,24
CMPR,SIG,1,,,,,,11
CMRE,SIG,3,,,,,,21
CMRX,CITADEL,2,,,,,,24
CMS,SIG,3,,,,,,26
CMTL,GROUP ONE,1,,,,,,11
CNAT,GROUP ONE,1,,,,,,17
CNC,SIG,3,,,Y,Y,L,26
CNCE,SIG,1,,,,,,21
CNDT,SIG,1,,Y,,,L,11
CNET,SIG,2,,,,,,26
CNHI,WOLVERINE,3,,,,,,26
CNI,SIG,1,,,,,,26
CNK,SIG,3,,,,,,13
CNMD,CITADEL,2,,,,,,23
CNO,MORGAN,3,,,,,,24
CNP,CITADEL,2,,,,,,14
CNQ,CITADEL,3,,,Y,Y,L,25
CNSL,BARCLAYS,1,,,,,,12
CNTY,SUMO,3,,,,,,12
CNX,TWO SIGMA,1,,Y,Y,,L,22
CNXM,WOLVERINE,3,,,,,,13
CNXT,CITADEL,2,,,,,E,23
CNYA,SUMO,3,,,,,E,16
CO,CITADEL,1,,,,,,25
CODI,CITADEL,2,,,,,,26
COF,MORGAN,3,,,Y,Y,L-W,26
COG,SIG,1,,,Y,Y,L-W,14
COHR,SIG,2,,Y,,,L,16
COHU,SIG,2,,,,,,21
COLL,CITADEL,3,,,,,,15
COLM,MORGAN,1,,Y,,,L,26
COMM,SIG,2,,,,,,15
CONE,SIG,3,,,,,,16
CONN,BARCLAYS,1,,,Y,Y,L,16
COO,BARCLAYS,2,,Y,,,L,13
COP,SIG,2,,,Y,Y,L-W,15
CORN,WOLVERINE,2,,,,,E,14
CORR,SUMO,3,,,,,,16
CORT,GROUP ONE,2,,,Y,Y,L,17
CORV,GROUP ONE,3,,,,,,17
COST,BARCLAYS,1,,,Y,Y,L-W,25
COT,WOLVERINE,2,,,,,,12
COTY,SIG,2,,,Y,Y,L-W,21
COUP,WOLVERINE,3,,,Y,Y,L,23
COW,WOLVERINE,3,,,,,E,14
COWN,CITADEL,1,,,,,,21
CP,CITADEL,3,,,,,,24
CPA,MORGAN,2,,,,,,26
CPB,MORGAN,2,,,Y,Y,L-W,26
CPE,GROUP ONE,1,,,Y,Y,L,17
CPF,WOLVERINE,3,,,,,,12
CPG,MORGAN,1,,,,,,26
CPL,SIG,3,,,,,,13
CPLP,WOLVERINE,3,,,,,,26
CPRI,MORGAN,2,,,Y,Y,L-W,24
CPRT,TWO SIGMA,2,,Y,,,L,22
CPRX,GROUP ONE,3,,,,,,11
CPS,CITADEL,1,,,,,,21
CPSI,BARCLAYS,3,,,,,,14
CPSS,GROUP ONE,1,,,,,,17
CPT,SIG,2,,,,,,11
CQP,CITADEL,3,,,,,,15
CRAI,SUMO,2,,,,,,14
CRAY,WOLVERINE,1,,,,,,11
CRBP,CITADEL,1,,,,,,22
CRC,BARCLAYS,2,,,Y,Y,L,15
CRCM,SUMO,1,,,,,,21
CREE,SIG,3,,,Y,Y,L-W,21
CRESY,SIG,2,,,,,,23
CRH,SIG,3,,,,,,24
CRI,SIG,3,,,Y,Y,L,13
CRIS,SIG,3,,,,,,15
CRK,CITADEL,3,,,,,,12
CRL,TWO SIGMA,2,,,,,,22
CRM,CITADEL,2,,,Y,Y,L-W,25
CRMD,MORGAN,3,,,,,,21
CRMT,SIG,3,,,,,,12
CRNT,CITADEL,3,,,,,,23
CROC,SIG:RUT,3,,,,,E,34
CRON,GROUP ONE,1,,,Y,Y,L-W,17
CROX,SIG,3,,,Y,Y,L,23
CRR,CITADEL,3,,,,,,25
CRS,CITADEL,3,,,,,,11
CRSP,GROUP ONE,1,,,Y,Y,L-W,17
CRTO,WOLVERINE,1,,,Y,Y,L,26
CRUS,MORGAN,3,,,Y,Y,L-W,17
CRZO,SIG,1,,,Y,Y,L,12
CS,TWO SIGMA,3,,,Y,Y,L,22
CSCO,CITADEL,1,,,Y,Y,L-W,25
CSD,SIG:RUT,1,,,,,E,34
CSGS,SIG,3,,,,,,13
CSII,MORGAN,3,,,,,,26
CSIQ,SIG,1,,,Y,Y,L-W,21
CSLT,SIG,2,,,,,,12
CSOD,WOLVERINE,2,,,Y,,L,26
CSTE,CITADEL,1,,,,,,13
CSTM,GROUP ONE,2,,,,,,17
CSU,WOLVERINE,3,,,,,,16
CSV,SIG,1,,,,,,14
CSX,BARCLAYS,2,,,Y,Y,L-W,25
CTAS,SIG,2,,,,,,11
CTB,SIG,2,,,Y,Y,L,21
CTG,SIG,1,,,,,,23
CTIC,SIG,3,,,,,,26
CTL,CITADEL,1,,,Y,Y,L-W,15
CTLT,CITADEL,1,,,,,,16
CTRC,GROUP ONE,2,,,,,,17
CTRE,SIG,1,,,,,,15
CTRL,CITADEL,1,,Y,,,L,26
CTRN,CITADEL,2,,,,,,25
CTRP,SIG,3,,,Y,Y,L-W,11
CTS,CITADEL,1,,,,,,15
CTSH,CITADEL,1,,,Y,Y,L-W,25
CTSO,CITADEL,2,,,,,,11
CTST,WOLVERINE,3,,,,,,14
CTXS,CITADEL,3,,,Y,Y,L,11
CUB,CITADEL,1,,Y,,,L,23
CUBE,SIG,2,,,,,,16
CUI,WOLVERINE,1,,,,,,21
CULP,SUMO,1,,,,,,23
CUR,GROUP ONE,2,,,,,,17
CURE,SIG:RUT,2,,,,,E,34
CURO,SIG,1,,,,,,24
CUTR,BARCLAYS,3,,,,,,26
CVA,CITADEL,3,,,,,,25
CVBF,SIG,3,,,,,,13
CVE,WOLVERINE,3,,,Y,Y,L,11
CVEO,SIG,2,,,,,,23
CVET,SUMO,2,,,,,,16
CVGW,CITADEL,1,,,,,,24
CVI,SIG,3,,,,,,16
CVIA,WOLVERINE,3,,,Y,,L,21
CVLT,CITADEL,1,,,,,,24
CVNA,WOLVERINE,2,,,Y,Y,L,14
CVS,SIG,2,,,Y,Y,L-W,11
CVX,CITIGROUP,3,,,Y,Y,L-W,14
CVY,SIG:RUT,3,,,,,E,34
CW,BARCLAYS,3,,,,,,21
CWB,SIG:RUT,1,,,,,E,34
CWCO,SUMO,2,,,,,,14
CWEN,CITADEL,2,,,,,,23
CWEN.A,WOLVERINE,3,,,,,,11
CWH,SIG,3,,,Y,Y,L,21
CWI,SUMO,2,,,,,E,26
CWK,WOLVERINE,2,,,,,,14
CWST,SUMO,3,,,,,,14
CWT,CITADEL,3,,,,,,23
CX,CITIGROUP,1,,Y,Y,Y,L,24
CXDC,GROUP ONE,1,,,,,,17
CXO,SIG,3,,,Y,Y,L,12
CXP,SIG,1,,,,,,15
CXW,WOLVERINE,3,,,,,,12
CY,SIG,3,,,Y,Y,L,14
CYB,CITADEL,1,,,,,E,13
CYBR,WOLVERINE,1,,Y,Y,,L-W,11
CYH,SIG,3,,,Y,Y,L-W,21
CYOU,CITADEL,1,,,,,,26
CYRX,SUMO,2,,,,,,11
CYTK,GROUP ONE,2,,,,,,17
CYTR,CITADEL,3,,,,,,26
CZR,SIG,3,,,Y,Y,L-W,15
CZZ,MORGAN,3,,,,,,14
D,CITIGROUP,1,,,Y,Y,L,21
DAKT,SIG,1,,,,,,15
DAL,SIG,3,,,Y,Y,L-W,11
DAN,WOLVERINE,3,,,Y,Y,L,26
DAR,SIG,1,,,,,,26
DATA,SIG,1,,,Y,Y,L-W,14
DB,CITADEL,1,,,Y,Y,L-W,23
DBA,CITADEL,1,,,Y,,E-L,11
DBB,SIG:RUT,1,,,,,E,34
DBC,SIG:RUT,1,,,,,E,34
DBD,SIG,2,,,Y,Y,L,14
DBEF,SIG:RUT,2,,,,,E,34
DBEU,SIG:RUT,1,,,,,E,34
DBJP,SUMO,3,,,,,E,24
DBO,CITADEL,1,,,,,E,14
DBS,SIG:RUT,1,,,,,E,34
DBV,SIG:RUT,3,,,,,E,34
DBVT,SIG,2,,,Y,,L,12
DBX,MORGAN,1,,,Y,Y,L-W,26
DCI,BARCLAYS,2,,,,,,14
DCO,BARCLAYS,3,,,,,,13
DCP,SIG,1,,,,,,12
DDD,SIG,2,,,Y,Y,L-W,11
DDG,SUMO,1,,,,,E,23
DDM,CITADEL,1,,,,,E,15
DDS,WOLVERINE,2,,,Y,Y,L-W,14
DE,CITADEL,3,,,Y,Y,L-W,15
DEA,SUMO,3,,,,,,15
DECK,SIG,3,,,Y,Y,L,21
DEI,BARCLAYS,1,,,,,,24
DELL,SIG,1,,,Y,Y,L,11
DEM,SIG:RUT,3,,,,,E,34
DENN,SIG,2,,,,,,14
DEO,BARCLAYS,1,,,,,,11
DERM,CITADEL,3,,,,,,21
DESP,SIG,1,,,,,,12
DF,TWO SIGMA,3,,,Y,Y,L,22
DFE,SIG:RUT,2,,,,,E,34
DFEN,SUMO,1,,,,,E,26
DFIN,CITADEL,1,,,,,,24
DFJ,SUMO,3,,,,,E,34
DFRG,SIG,3,,Y,,,L,15
DFS,SIG,1,,,Y,Y,L-W,23
DG,SIG,2,,,Y,Y,L-W,26
DGL,SIG:RUT,1,,,,,E,34
DGRO,SUMO,3,,,,,E,21
DGRW,SIG:RUT,2,,,,,E,34
DGS,SIG:RUT,3,,,,,E,34
DGX,TWO SIGMA,2,,,Y,,L,22
DHI,SIG,2,,,Y,Y,L-W,24
DHR,CITADEL,3,,,Y,Y,L,11
DHT,CITADEL,1,,,,,,21
DHX,SIG,2,,,,,,13
DIA,MORGAN,3,,Y,Y,Y,E-L-Q-W,40
DIG,CITADEL,3,,,,,E,21
DIN,SIG,3,,Y,,,L,24
DIOD,CITADEL,3,,,,,,12
DIS,SIG,1,,,Y,Y,L-W,16
DISCA,SIG,1,,,Y,Y,L,26
DISCK,SIG,3,,,Y,,L,15
DISH,SIG,3,,,Y,Y,L-W,16
DJP,WOLVERINE,1,,,,,N,40
DJX,WOLVERINE,3,,,Y,Y,L-W,40
DK,SIG,1,,,Y,Y,L,12
DKL,CITADEL,2,,,,,,22
DKS,CITADEL,3,,,Y,Y,L-W,16
DLB,SIG,3,,Y,,,L,11
DLN,SIG:RUT,1,,,,,E,34
DLNG,WOLVERINE,1,,,,,,15
DLPH,SIG,3,,Y,,,L,12
DLR,BARCLAYS,1,,,,,,26
DLS,SUMO,3,,,,,E,14
DLTR,CITIGROUP,2,,,Y,Y,L-W,13
DLX,CITADEL,1,,,,,,12
DMRC,WOLVERINE,3,,,,,,14
DNKN,BARCLAYS,3,,,Y,Y,L,24
DNLI,GROUP ONE,3,,Y,,,L,17
DNN,SIG,1,,,,,,24
DNOW,CITADEL,2,,,,,,14
DNR,CITIGROUP,3,,,Y,Y,L,21
DO,CITADEL,3,,,Y,Y,L,26
DOC,WOLVERINE,1,,,,,,24
DOCU,MORGAN,3,,,Y,Y,L,16
DOG,SIG:RUT,2,,,,,E,34
DOMO,CITADEL,2,,,,,,13
DON,WOLVERINE,3,,,,,E,11
DORM,CITADEL,2,,,,,,26
DOV,BARCLAYS,3,,,Y,Y,L-W,23
DOVA,GROUP ONE,1,,,,,,17
DOX,SIG,1,,,,,,15
DPK,WOLVERINE,1,,,,,E,40
DPLO,SIG,2,,,,,,24
DPW,GROUP ONE,2,,,,,,17
DPZ,SIG,3,,,Y,Y,L,24
DQ,CITADEL,1,,,,,,16
DRD,SIG,2,,,,,,11
DRE,SIG,3,,,,,,24
DRH,SIG,3,,,,,,12
DRI,TWO SIGMA,1,,,Y,Y,L,22
DRIP,SIG:RUT,3,,,Y,Y,E-L,34
DRN,BARCLAYS,2,,,,,E,15
DRQ,CITADEL,3,,,,,,25
DRV,BARCLAYS,2,,,,,E,26
DS,MORGAN,2,,,,,,16
DSKE,SIG,2,,,,,,22
DSL,SIG:RUT,2,,,,,,34
DSS,WOLVERINE,3,,,,,,11
DSW,TWO SIGMA,1,,,Y,Y,L,22
DSX,CITADEL,3,,,,,,25
DTE,MORGAN,1,,,,,,16
DTEA,GROUP ONE,2,,,,,,17
DTN,SIG:RUT,2,,,,,E,34
DUG,CITADEL,1,,,,,E,23
DUK,CITIGROUP,1,,,Y,Y,L,12
DUST,CITADEL,3,,,Y,Y,E-L-W,12
DVA,SIG,1,,,Y,Y,L,14
DVAX,MORGAN,1,,,Y,,L,11
DVN,MORGAN,1,,,Y,Y,L-W,13
DVY,TWO SIGMA,3,,,,,E,22
DWAS,SIG:RUT,3,,,,,E,34
DWDP,CITADEL,3,,,Y,Y,L-W,14
DWX,SIG:RUT,3,,,,,E,34
DX,WOLVERINE,3,,,,,,26
DXC,CITIGROUP,3,,,Y,Y,L,15
DXCM,SIG,3,,,Y,Y,L,14
DXD,SIG:RUT,1,,,,,E,34
DXJ,SIG:RUT,2,,,Y,Y,E-L-W,34
DXJS,SIG:RUT,3,,,,,E,34
DXLG,WOLVERINE,3,,,,,,14
DXPE,WOLVERINE,2,,,,,,12
DY,SIG,3,,,Y,,L,12
E,SIG,2,,,,,,12
EA,CITIGROUP,3,,,Y,Y,L-W,21
EAF,SIG,1,,,,,,26
EAT,WOLVERINE,1,,,,,,14
EB,CITADEL,1,,,,,,17
EBAY,CITADEL,1,,,Y,Y,L-W,25
EBIX,CITADEL,3,,Y,,,L,12
EBND,WOLVERINE,3,,,,,E,40
EBS,WOLVERINE,3,,,,,,12
EC,WOLVERINE,2,,Y,,,L,24
ECA,SIG,1,,,Y,Y,L,24
ECH,WOLVERINE,2,,,,,E,40
ECHO,WOLVERINE,3,,,,,,12
ECL,BARCLAYS,1,,,Y,,L-W,11
ECNS,SUMO,3,,,,,E,14
ECOL,WOLVERINE,3,,,,,,15
ECOM,MORGAN,3,,,,,,14
ECON,SIG:RUT,3,,,,,E,34
ECPG,SIG,3,,Y,,,L,23
ED,CITIGROUP,2,,,,,W,14
EDC,BARCLAYS,1,,,,,E,12
EDGE,SIG,3,,,,,,22
EDIT,CITADEL,2,,,Y,Y,L-W,23
EDIV,SIG:RUT,1,,,,,E,34
EDU,CITADEL,1,,,Y,Y,L,11
EDZ,BARCLAYS,1,,,,,E,25
EE,CITADEL,3,,,,,,13
EEB,CITADEL,3,,,,,E,23
EEFT,SIG,2,,,,,,11
EEM,SIG:RUT,3,,Y,Y,Y,E-L-Q-W,34
EEMV,SIG:RUT,3,,,,,E,34
EET,WOLVERINE,1,,,,,E,40
EEV,CITADEL,3,,,,,E,21
EEX,WOLVERINE,3,,,,,,14
EFA,SIG:RUT,3,,Y,Y,Y,E-L-Q-W,34
EFAV,SIG:RUT,3,,,,,E,34
EFC,MORGAN,1,,,,,,15
EFG,SUMO,2,,,,,E,16
EFII,WOLVERINE,1,,,,,,26
EFOI,SUMO,1,,,,,,23
EFU,CITADEL,2,,,,,E,26
EFV,SUMO,3,,,,,E,23
EFX,CITADEL,1,,,Y,Y,L-W,25
EGAN,WOLVERINE,2,,,,,,26
EGBN,WOLVERINE,3,,,,,,26
EGHT,SIG,2,,,,,,26
EGI,WOLVERINE,3,,,,,,14
EGO,WOLVERINE,1,,,Y,,L,14
EGOV,WOLVERINE,1,,,,,,24
EGRX,GROUP ONE,3,,,,,,17
EHC,WOLVERINE,1,,Y,,,L,23
EHTH,GROUP ONE,2,,,,,,12
EIGI,WOLVERINE,2,,,,,,23
EIX,BARCLAYS,1,,,Y,Y,L,13
EL,CITADEL,1,,,Y,Y,L,14
ELAN,SIG,1,,,Y,,L,24
ELD,SIG:RUT,3,,,,,E,34
ELF,SIG,2,,,,,,16
ELGX,CITADEL,2,,,,,,24
ELLI,SIG,1,,Y,,,L,11
ELP,SIG,1,,,,,,26
ELY,BARCLAYS,2,,,,,,11
EMAN,SIG,3,,,,,,14
EMB,SIG:RUT,3,,Y,Y,Y,E-L,34
EMES,WOLVERINE,3,,,Y,Y,L-W,15
EMKR,SIG,3,,,,,,16
EMLC,SIG:RUT,1,,,,,E,34
EMN,SIG,3,,,,,,14
EMR,CITIGROUP,3,,,Y,Y,L-W,14
ENB,BARCLAYS,1,,,Y,Y,L,23
ENBL,SIG,2,,,,,,16
ENDP,BARCLAYS,1,,,Y,Y,L-W,11
ENIA,SIG,1,,,,,,23
ENLC,SUMO,3,,,,,,26
ENPH,GROUP ONE,2,,,Y,Y,L,17
ENR,SIG,2,,,,,,23
ENS,SIG,3,,Y,,,L,12
ENT,SIG,2,,,,,,12
ENTA,CITADEL,1,,,,,,26
ENTG,SIG,2,,,,,,16
ENVA,SUMO,3,,,,,,24
ENZ,SIG,1,,,,,,26
ENZL,SIG:RUT,1,,,,,E,34
EOG,CITADEL,1,,,Y,Y,L-W,25
EPAM,SIG,1,,,,,,26
EPAY,CITADEL,3,,,,,,12
EPC,TWO SIGMA,2,,,Y,Y,L,22
EPD,CITADEL,3,,,Y,Y,L-W,24
EPE,SIG,2,,,,,,26
EPI,WOLVERINE,1,,,Y,Y,E-L-W,14
EPM,WOLVERINE,1,,,,,,12
EPOL,SUMO,2,,,,,E,25
EPP,CITADEL,1,,,,,E,13
EPR,SIG,1,,,,,,14
EPRT,CITADEL,1,,,,,,26
EPU,SUMO,3,,,,,E,12
EPV,SIG,1,,,,,E,14
EPZM,SIG,2,,,,,,21
EQC,CITADEL,1,,,,,,26
EQH,SIG,3,,,,,,21
EQIX,SIG,3,,Y,,,L,13
EQM,WOLVERINE,1,,,,,,12
EQNR,GROUP ONE,1,,,,,,17
EQR,BARCLAYS,1,,,,,,25
EQT,BARCLAYS,3,,,Y,Y,L,25
ERA,SUMO,3,,,,,,26
ERF,CITADEL,1,,,,,,21
ERI,GROUP ONE,3,,,Y,Y,L,13
ERIC,CITIGROUP,1,,,,,,21
ERII,BARCLAYS,2,,,,,,15
ERJ,SIG,1,,,Y,Y,L,15
EROS,WOLVERINE,3,,,Y,,L,26
ERUS,SIG,2,,,,,E,26
ERX,BARCLAYS,1,,,Y,Y,E-L-W,24
ERY,BARCLAYS,1,,,,,E,12
ES,WOLVERINE,1,,,,,,26
ESE,WOLVERINE,3,,,,,,21
ESI,WOLVERINE,2,,,Y,Y,L,15
ESNT,SUMO,1,,,,,,16
ESPR,SIG,3,,,Y,Y,L,12
ESRT,SIG,3,,,,,,23
ESS,CITADEL,1,,,,,,24
ESTC,SIG,2,,,,,,12
ESV,SIG,3,,,Y,Y,L,11
ET,SIG,1,,,Y,Y,L-W,21
ETFC,CITIGROUP,1,,,Y,Y,L-W,16
ETH,SIG,2,,,,,,13
ETM,GROUP ONE,3,,,Y,,L,26
ETN,SIG,1,,,Y,Y,L-W,23
ETR,SIG,3,,,,,,13
ETSY,WOLVERINE,3,,,Y,Y,L,16
EUFN,SIG:RUT,1,,,,,E,34
EUM,SIG:RUT,1,,,,,E,34
EUO,MORGAN,2,,,,,E,26
EURL,SUMO,3,,,,,E,14
EUSC,MORGAN,3,,,,,E,16
EV,CITADEL,2,,,,,,16
EVA,SIG,1,,,,,,16
EVBG,WOLVERINE,2,,,,,,14
EVC,WOLVERINE,2,,,,,,16
EVIX,GROUP ONE:VIX,3,,,,,N,70
EVOP,SIG,2,,,,,,16
EVR,MORGAN,3,,,,,,21
EVRG,SIG,3,,,,,,21
EVRI,WOLVERINE,3,,,,,,13
EVTC,WOLVERINE,2,,,,,,12
EW,SIG,2,,,Y,Y,L-W,17
EWA,BARCLAYS,1,,,,,E,12
EWBC,WOLVERINE,1,,,,,,14
EWC,CITADEL,3,,,,,E,11
EWD,WOLVERINE,3,,,,,E,40
EWG,CITADEL,1,,,Y,Y,E-L-W,11
EWH,CITADEL,3,,,,,E,13
EWI,GROUP ONE,3,,,,,E-W,17
EWJ,CITADEL,3,,,Y,Y,E-L-W,34
EWK,SIG:RUT,2,,,,,E,34
EWL,SIG:RUT,1,,,,,E,34
EWM,WOLVERINE,1,,,,,E,23
EWN,SIG:RUT,1,,,,,E,34
EWO,SUMO,3,,,,,E,11
EWP,CITADEL,1,,,,,E,25
EWQ,SIG:RUT,3,,,,,E,34
EWS,SIG:RUT,2,,,,,E,34
EWT,CITADEL,3,,,,,E,23
EWU,CITADEL,1,,,Y,Y,E-L-W,16
EWV,SIG:RUT,1,,,,,E,34
EWW,SIG:RUT,3,,,Y,Y,E-L-W,34
EWX,SIG:RUT,1,,,,,E,34
EWY,CITADEL,1,,,Y,Y,E-L-W,16
EWZ,CITADEL,3,,Y,Y,Y,E-L-W,34
EXAS,MORGAN,1,,,Y,Y,L-W,17
EXC,BARCLAYS,1,,,Y,Y,L,25
EXEL,GROUP ONE,2,,,Y,Y,L,17
EXK,MORGAN,2,,,,,,14
EXLS,SIG,1,,,,,,21
EXP,BARCLAYS,1,,,,,,25
EXPD,CITIGROUP,2,,,,,,24
EXPE,SIG,1,,,Y,Y,L-W,14
EXPR,WOLVERINE,1,,,Y,Y,L,26
EXR,WOLVERINE,3,,,,,,26
EXTR,CITADEL,3,,,Y,Y,L,21
EYE,WOLVERINE,2,,,,,,14
EYES,SIG,1,,,,,,15
EYPT,GROUP ONE,1,,,,,,17
EZA,CITADEL,1,,,,,E,14
EZJ,SIG:RUT,1,,,,,E,34
EZPW,SIG,3,,,,,,11
EZU,SIG:RUT,2,,,,,E,34
F,TWO SIGMA,3,,,Y,Y,L-W,22
FAF,CITADEL,1,,,,,,14
FANG,SIG,3,,,Y,Y,L,17
FANH,CITADEL,1,,,,,,14
FARO,SIG,3,,,,,,26
FAS,BARCLAYS,1,,,Y,Y,E-L-W,25
FAST,SIG,2,,,Y,Y,L,11
FAZ,BARCLAYS,1,,,Y,Y,E-L-W,26
FB,SIG,3,,Y,Y,Y,L-W,13
FBC,SIG,1,,,,,,24
FBHS,BARCLAYS,3,,Y,,,L,23
FBNC,WOLVERINE,3,,,,,,14
FBP,SUMO,3,,Y,,,L,16
FBT,SUMO,2,,,,,E,14
FCA,SUMO,3,,,,,E,15
FCAU,WOLVERINE,3,,,Y,Y,L-W,13
FCBC,SIG,3,,,,,,21
FCEL,GROUP ONE,1,,,,,,17
FCF,SUMO,1,,,,,,13
FCFS,CITADEL,3,,,,,,16
FCG,CITADEL,3,,,,,E,25
FCN,BARCLAYS,3,,Y,,,L,16
FCX,TWO SIGMA,2,,,Y,Y,L-W,22
FDC,GROUP ONE,3,,Y,Y,Y,L,17
FDIS,SUMO,2,,,,,E,21
FDN,SUMO,1,,,,,E,15
FDP,CITADEL,3,,,,,,15
FDS,SIG,3,,Y,,,L,15
FDUS,GROUP ONE,3,,,,,,21
FDX,CITIGROUP,1,,,Y,Y,L-W,26
FE,CITIGROUP,1,,,Y,Y,L,23
FELP,WOLVERINE,3,,,,,,16
FEM,WOLVERINE,2,,,,,E,40
FENG,WOLVERINE,1,,,,,,21
FENY,SIG,3,,,,,E,26
FEP,SUMO,3,,,,,E,34
FET,GROUP ONE,1,,,,,,26
FEX,SUMO,3,,,,,E,23
FEYE,CITADEL,3,,,Y,Y,L-W,23
FEZ,SIG:RUT,2,,Y,Y,Y,E-L-W,34
FF,SIG,2,,,,,,24
FFIV,CITADEL,1,,,Y,Y,L-W,21
FFTY,SUMO,3,,,,,E,23
FG,GROUP ONE,2,,,,,,17
FGEN,GROUP ONE,3,,,,,,17
FGP,CITADEL,2,,,,,,26
FHB,SIG,3,,,,,,26
FHLC,SIG,3,,,,,E,15
FHN,CITADEL,2,,,,,,23
FI,WOLVERINE,1,,,,,,14
FICO,WOLVERINE,1,,Y,,,L,15
FIDU,SUMO,2,,,,,E,22
FIS,BARCLAYS,1,,Y,,,L,25
FISV,TWO SIGMA,3,,Y,,,L,22
FIT,MORGAN,2,,,Y,Y,L-W,23
FITB,CITADEL,2,,,Y,Y,L,25
FIVE,SIG,2,,,Y,Y,L-W,15
FIVN,SUMO,1,,Y,,,L,12
FIX,CITADEL,1,,,,,,23
FIZZ,WOLVERINE,1,,Y,,,L,24
FL,SIG,2,,,Y,Y,L-W,16
FLDM,WOLVERINE,2,,,,,,15
FLEX,SIG,1,,,Y,Y,L-W,14
FLIR,SIG,1,,Y,,,L,15
FLKS,CITADEL,2,,,,,,12
FLNT,WOLVERINE,3,,,,,,26
FLO,CITADEL,1,,,,,,12
FLOW,WOLVERINE,3,,,,,,14
FLR,WOLVERINE,1,,,Y,Y,L-W,23
FLS,CITADEL,1,,,,,,13
FLT,MORGAN,2,,,Y,,L,21
FLWS,SUMO,3,,,,,,26
FLXN,GROUP ONE,2,,,,,,17
FLY,SIG,2,,,,,,14
FM,SUMO,3,,,,,E,13
FMAT,SUMO,3,,,,,E,15
FMBI,SIG,2,,,,,,16
FMC,WOLVERINE,1,,,Y,,L,21
FMS,WOLVERINE,1,,,,,,16
FMX,WOLVERINE,1,,,,,,14
FN,WOLVERINE,1,,,Y,,L,23
FNCL,SIG,3,,,,,E,13
FND,CITADEL,1,,Y,Y,Y,L,25
FNDA,SUMO,2,,,,,E,15
FNDE,SUMO,2,,,,,E,12
FNDF,SUMO,3,,,,,E,26
FNDX,SUMO,3,,,,,E,15
FNF,CITADEL,3,,,,,,14
FNG,SIG,3,,,,,E,24
FNKO,SIG,2,,,,,,25
FNSR,SIG,3,,,Y,Y,L-W,17
FNV,WOLVERINE,1,,,Y,Y,L,16
FOCS,WOLVERINE,2,,,,,,14
FOE,GROUP ONE,1,,,,,,17
FOLD,GROUP ONE,1,,,Y,Y,L-W,17
FOMX,SIG,3,,,,,,12
FOR,BARCLAYS,2,,,,,,16
FORM,SIG,1,,,,,,13
FORR,SIG,3,,,,,,23
FOSL,MORGAN,3,,,Y,Y,L-W,24
FOX,SIG,1,,,Y,Y,L,11
FOXA,SIG,1,,,Y,Y,L-W,21
FPE,WOLVERINE,2,,,,,E,12
FPI,SUMO,2,,,,,,16
FPRX,MORGAN,3,,,,,,14
FRAC,CITADEL,1,,,,,,24
FRAK,SIG:RUT,2,,,,,E,34
FRAN,SIG,3,,,Y,,L,13
FRBK,WOLVERINE,3,,,,,,14
FRED,MORGAN,1,,,Y,,L,11
FRGI,WOLVERINE,3,,,,,,16
FRO,SIG,2,,,,,,15
FRPT,CITADEL,2,,Y,,,L,24
FRT,WOLVERINE,2,,,,,,26
FRTA,WOLVERINE,3,,,,,,14
FSCT,GROUP ONE,2,,,,,,17
FSK,CITADEL,1,,,,,,14
FSLR,SIG,3,,,Y,Y,L-W,12
FSM,GROUP ONE,3,,,Y,,L,17
FSNN,WOLVERINE,2,,,,,,14
FSS,WOLVERINE,2,,,,,,15
FSTR,BARCLAYS,2,,,,,,23
FTAG,WOLVERINE,2,,,,,E,24
FTAI,SIG,2,,,,,,24
FTC,SIG:RUT,1,,,,,E,34
FTCH,GROUP ONE,1,,,,,,17
FTD,SUMO,3,,,,,,15
FTDR,WOLVERINE,2,,,,,,14
FTEC,SUMO,3,,,,,E,14
FTEK,WOLVERINE,3,,,,,,14
FTGC,SUMO,3,,,,,E,13
FTI,WOLVERINE,1,,,Y,Y,L,14
FTK,CITADEL,3,,,,,W,22
FTNT,CITADEL,3,,,Y,Y,L,17
FTR,WOLVERINE,2,,,Y,Y,L,21
FTSI,CITADEL,2,,,,,,13
FTV,SIG,3,,,Y,Y,L-W,25
FUL,CITADEL,2,,,,,,24
FUN,BARCLAYS,3,,,,,,13
FV,SUMO,3,,,,,E,26
FVD,SUMO,2,,,,,E,14
FVE,WOLVERINE,1,,,,,,26
FWONA,SIG,1,,,,,,12
FWONK,CITADEL,2,,,,,,12
FXA,CITADEL,3,,,,,E,34
FXB,CITADEL,3,,,,,E,34
FXC,TWO SIGMA,3,,,Y,,E-L,22
FXD,SIG:RUT,3,,,,,E,34
FXE,CITADEL,3,,,Y,Y,E-L-W,34
FXF,CITADEL,3,,,,,E,11
FXG,SIG:RUT,2,,,,,E,34
FXH,SIG:RUT,3,,,,,E,34
FXI,CITADEL,2,,,Y,Y,E-L-W,34
FXL,SIG:RUT,3,,,,,E,34
FXN,SIG:RUT,3,,,,,E,34
FXP,CITADEL,3,,,,,E,14
FXR,SIG:RUT,3,,,,,E,34
FXS,SIG:RUT,3,,,,,E,34
FXU,SIG:RUT,2,,,,,E,34
FXY,CITADEL,3,,,Y,,E-L-W,34
FXZ,SIG:RUT,1,,,,,E,34
G,GROUP ONE,3,,,,,,23
GAIN,WOLVERINE,1,,,,,,26
GALT,CITADEL,1,,,Y,Y,L,23
GASL,SIG:RUT,3,,,,,E,34
GASS,WOLVERINE,3,,,,,,15
GASX,WOLVERINE,2,,,,,E,16
GATX,BARCLAYS,3,,,,,,11
GBCI,WOLVERINE,1,,,,,,21
GBT,SIG,3,,,Y,Y,L,21
GBX,MORGAN,3,,,,,,24
GCAP,SIG,1,,,Y,,L,25
GCC,MORGAN,3,,,,,E,13
GCI,BARCLAYS,1,,,,,,13
GCO,CITADEL,3,,,,,,11
GCP,CITADEL,2,,,,,,26
GD,SIG,2,,,Y,Y,L-W,12
GDDY,MORGAN,2,,,Y,Y,L,13
GDEN,WOLVERINE,3,,,,,,14
GDI,WOLVERINE,1,,,,,,14
GDOT,MORGAN,3,,,,,,21
GDS,WOLVERINE,3,,,Y,Y,L,14
GDX,CITADEL,3,,,Y,Y,E-L-W,34
GDXJ,SIG,2,,,Y,Y,E-L-W,17
GDXS,SUMO,2,,,,,E,26
GDXX,SUMO,1,,,,,E,14
GE,SIG,3,,,Y,Y,L-W,16
GEF,SIG,1,,,,,,11
GEL,SIG,3,,,,,,26
GEM,SUMO,1,,,,,E,23
GEO,SIG,3,,,,,,11
GEOS,SIG,3,,,,,,21
GERN,SIG,3,,,Y,Y,L-W,13
GES,TWO SIGMA,3,,,Y,,L,22
GEX,SIG:RUT,1,,,,,E,34
GFF,SIG,1,,,,,,23
GFI,SIG,1,,,Y,,L,26
GG,TWO SIGMA,1,,,Y,Y,L-W,22
GGAL,GROUP ONE,1,,,Y,Y,L,17
GGB,GROUP ONE,3,,,Y,Y,L,17
GH,CITADEL,1,,,,,,15
GHDX,MORGAN,3,,,,,,14
GHL,SIG,3,,,,,,26
GHYB,SUMO,2,,,,,E,24
GIB,SIG,2,,,,,,26
GIFI,WOLVERINE,1,,,,,,14
GIGB,WOLVERINE,2,,,,,E,14
GIII,WOLVERINE,3,,,,,,12
GIL,SIG,3,,,,,,21
GILD,BARCLAYS,2,,,Y,Y,L-W,23
GIS,CITIGROUP,1,,,Y,Y,L,26
GKOS,CITADEL,1,,,,,,13
GLAD,SIG,3,,,,,,14
GLD,MORGAN,3,,Y,Y,Y,E-L-Q-W,40
GLDD,GROUP ONE,3,,,,,,21
GLIBA,SIG,3,,,,,,13
GLL,BARCLAYS,1,,,,,E,26
GLNG,GROUP ONE,3,,,Y,Y,L,17
GLOG,WOLVERINE,2,,,,,,23
GLOP,SUMO,1,,,,,,23
GLP,MORGAN,3,,,,,,13
GLPG,SIG,1,,,,,,12
GLPI,CITADEL,1,,Y,,,L,11
GLRE,SUMO,2,,,,,,11
GLT,SUMO,1,,,,,,13
GLUU,SIG,3,,,Y,Y,L,23
GLW,TWO SIGMA,2,,,Y,Y,L-W,22
GLYC,SIG,3,,,,,,12
GM,MORGAN,3,,,Y,Y,L-W,13
GME,WOLVERINE,1,,,Y,Y,L-W,21
GMED,CITADEL,3,,Y,,,L,25
GMF,SUMO,2,,,,,E,13
GMLP,WOLVERINE,2,,,Y,,L,23
GMS,WOLVERINE,1,,Y,,,L,14
GNC,WOLVERINE,3,,,Y,Y,L,21
GNMX,CITADEL,3,,,,,,26
GNR,SIG:RUT,3,,,,,E,34
GNRC,WOLVERINE,2,,,Y,,L,26
GNTX,MORGAN,3,,,,,,24
GNW,BARCLAYS,3,,,Y,Y,L-W,11
GOEX,SUMO,1,,,,,E,16
GOGL,MORGAN,3,,,,,,24
GOGO,MORGAN,2,,,Y,Y,L-W,24
GOLD,TWO SIGMA,1,,Y,Y,Y,L-W,22
GOLF,CITADEL,3,,,,,,21
GOOD,WOLVERINE,3,,,,,,16
GOOG,SIG,3,,,Y,Y,L-W,26
GOOGL,SIG,3,,,Y,Y,L-W,26
GOOS,CITADEL,1,,,Y,Y,L-W,12
GORO,WOLVERINE,3,,,,,,26
GOVT,WOLVERINE,3,,,,,E,14
GPC,BARCLAYS,2,,,Y,Y,L-W,21
GPI,BARCLAYS,1,,,,,,11
GPK,WOLVERINE,3,,Y,,,L,12
GPL,GROUP ONE,1,,,,,,17
GPMT,WOLVERINE,3,,,,,,14
GPN,WOLVERINE,2,,,,,,11
GPOR,MORGAN,1,,Y,,,L-W,26
GPRE,WOLVERINE,3,,,,,,11
GPRK,SIG,3,,,,,,16
GPRO,CITADEL,1,,,Y,Y,L-W,24
GPS,SIG,3,,,Y,Y,L-W,21
GRA,CITIGROUP,3,,,Y,,L,16
GRBK,SIG,2,,,,,,26
GRC,WOLVERINE,3,,,,,,26
GREK,SIG:RUT,3,,,,,E-W,34
GRFS,WOLVERINE,2,,,,,,26
GRMN,CITIGROUP,1,,,Y,Y,L-W,21
GROW,SIG,3,,,,,,13
GRPN,CITADEL,1,,,Y,Y,L-W,16
GRUB,WOLVERINE,3,,,Y,Y,L-W,21
GS,SIG,1,,,Y,Y,L-W,13
GSAT,CITADEL,1,,,Y,,L,24
GSEW,SUMO,2,,,,,E,22
GSG,CITADEL,1,,,,,E,23
GSHD,GROUP ONE,3,,,,,,17
GSIE,SUMO,1,,,,,E,21
GSK,BARCLAYS,2,,,Y,Y,L-W,25
GSKY,GROUP ONE,3,,,,,,17
GSL,GROUP ONE,2,,,,,,17
GSLC,SIG,1,,,,,E,15
GSM,BARCLAYS,3,,,,,,15
GSS,SIG,2,,,,,,26
GSUM,SIG,2,,,,,,26
GT,SIG,1,,,Y,Y,L-W,12
GTE,GROUP ONE,2,,,,,,17
GTES,GROUP ONE,2,,,,,,17
GTLS,SIG,3,,Y,,,L,11
GTN,WOLVERINE,2,,,,,,14
GTS,SUMO,1,,,,,,23
GTT,WOLVERINE,2,,Y,,,L,11
GTX,SIG,2,,,,,,13
GTXI,GROUP ONE,2,,,,,,17
GUNR,SUMO,3,,,,,E,17
GURU,SIG:RUT,1,,,,,E,34
GUSH,SIG,3,,,Y,Y,E-L,12
GVA,CITADEL,3,,,,,,21
GVI,SIG:RUT,1,,,,,E,34
GVIP,SUMO,3,,,,,E,21
GWB,WOLVERINE,3,,,,,,14
GWPH,SIG,2,,,Y,Y,L,21
GWR,CITADEL,1,,,,,,16
GWRE,SIG,1,,Y,,,L,16
GWW,CITADEL,1,,,Y,Y,L-W,26
GWX,SIG:RUT,3,,,,,E,34
GXC,SIG:RUT,3,,,,,E,34
GXG,SIG:RUT,3,,,,,E,34
GYLD,WOLVERINE,2,,,,,E,14
GZT,SIG,1,,,,,,11
H,CITADEL,2,,,,,,12
HA,SIG,1,,,,,,17
HABT,WOLVERINE,3,,,,,,21
HACK,SUMO,3,,,,,E,15
HAE,WOLVERINE,3,,Y,,,L,12
HAFC,WOLVERINE,1,,,,,,23
HAIN,TWO SIGMA,2,,,Y,Y,L,22
HAL,SIG,1,,,Y,Y,L-W,26
HALL,SIG,1,,,,,,21
HALO,CITADEL,3,,,Y,,L,17
HAO,CITADEL,3,,,,,E,15
HAS,WOLVERINE,1,,,Y,Y,L-W,23
HASI,SIG,3,,,,,,21
HBAN,WOLVERINE,1,,,Y,,L,11
HBI,CITADEL,1,,,Y,Y,L,25
HBIO,SIG,2,,,,,,11
HBM,SIG,1,,,,,,12
HBP,SUMO,3,,,,,,15
HCA,SIG,3,,,Y,Y,L-W,17
HCC,SIG,1,,,,,,13
HCHC,WOLVERINE,2,,,,,,14
HCI,SIG,1,,,,,,26
HCKT,SUMO,2,,,,,,15
HCLP,MORGAN,1,,,Y,Y,L,17
HCP,BARCLAYS,1,,,,,,26
HD,SIG,2,,,Y,Y,L-W,12
HDB,SIG,1,,Y,,,L,26
HDGE,SIG:RUT,1,,,,,E,34
HDS,SIG,3,,,Y,,L,14
HDSN,CITADEL,2,,,,,,17
HDV,SUMO,2,,,,,E,13
HEAR,CITADEL,1,,,Y,Y,L,25
HEDJ,SIG:RUT,2,,,,,E-W,34
HEES,WOLVERINE,2,,,,,,26
HEFA,WOLVERINE,1,,,,,E,40
HEI,WOLVERINE,2,,,,,,12
HELE,BARCLAYS,2,,,,,,13
HEP,SIG,2,,,,,,21
HES,CITADEL,2,,,Y,Y,L-W,25
HESM,SIG,2,,,,,,24
HEWG,SUMO,2,,,,,E,21
HEWJ,SUMO,2,,,,,E,21
HEZU,SUMO,2,,,,,E,24
HFC,MORGAN,3,,,Y,Y,L-W,23
HGV,MORGAN,1,,Y,,,L,12
HHC,CITADEL,1,,,,,,12
HI,BARCLAYS,1,,,,,,14
HIBB,BARCLAYS,1,,Y,,,L,21
HIFR,SIG,1,,,,,,17
HIG,SIG,3,,,Y,Y,L-W,21
HII,CITADEL,3,,Y,,,L,14
HIIQ,SIG,2,,,Y,,L,25
HIL,WOLVERINE,2,,,,,,14
HIMX,WOLVERINE,3,,,Y,Y,L-W,16
HIVE,SIG,1,,,,,,23
HIW,WOLVERINE,2,,,,,,21
HK,WOLVERINE,1,,,,,,15
HL,BARCLAYS,3,,,Y,Y,L-W,25
HLF,CITADEL,2,,,Y,Y,L-W,16
HLIT,GROUP ONE,1,,,,,,17
HLT,WOLVERINE,1,,,Y,Y,L,12
HLTH,GROUP ONE,3,,,,,,17
HLX,WOLVERINE,3,,,,,,11
HMC,SIG,1,,,,,,26
HMHC,SIG,3,,,,,,12
HMSY,SIG,3,,,,,,16
HMY,SIG,2,,,,,,15
HNGR,WOLVERINE,2,,,,,,14
HNP,BARCLAYS,2,,,,,,23
HOG,BARCLAYS,2,,,Y,Y,L-W,23
HOLI,SIG,1,,,,,,26
HOLX,BARCLAYS,3,,,Y,,L,15
HOMB,WOLVERINE,3,,,,,,24
HOME,WOLVERINE,3,,,Y,Y,L,26
HON,CITADEL,3,,,Y,Y,L-W,25
HOS,BARCLAYS,3,,,,,,15
HOV,SIG,2,,,,,,26
HP,WOLVERINE,3,,,Y,Y,L,23
HPE,SIG,2,,,Y,Y,L-W,12
HPQ,SIG,2,,,Y,Y,L-W,14
HPR,SIG,3,,,,,,15
HPT,SIG,3,,,,,,26
HQY,GROUP ONE,3,,Y,,,L,23
HR,SIG,2,,,,,,16
HRB,CITIGROUP,1,,,Y,Y,L,26
HRC,BARCLAYS,3,,,,,,11
HRI,CITADEL,3,,Y,,,L,22
HRL,CITADEL,3,,,Y,Y,L-W,16
HRS,SIG,2,,Y,,,L,21
HRTG,WOLVERINE,3,,,,,,15
HRTX,SIG,3,,,,,,24
HSBC,MORGAN,3,,,Y,Y,L-W,11
HSC,SUMO,1,,,,,,16
HSIC,SIG,1,,,,,,24
HSII,WOLVERINE,1,,,,,,16
HST,BARCLAYS,1,,,Y,Y,L,25
HSTM,SUMO,3,,,,,,16
HSY,TWO SIGMA,2,,,Y,Y,L-W,22
HT,SIG,2,,,,,,24
HTA,WOLVERINE,1,,,,,,21
HTGM,GROUP ONE,3,,,,,,17
HTH,BARCLAYS,2,,,,,,12
HTHT,BARCLAYS,3,,,,,,21
HTLD,SUMO,3,,,,,,13
HTZ,CITADEL,1,,,Y,Y,L-W,26
HUBG,WOLVERINE,1,,,,,,11
HUBS,SUMO,3,,Y,,,L,15
HUM,SIG,2,,,Y,,L-W,13
HUN,BARCLAYS,2,,,Y,Y,L,13
HURN,SIG,3,,,,,,16
HUYA,GROUP ONE,1,,,Y,Y,L-W,17
HWC,SIG,2,,,,,,21
HWCC,SUMO,3,,,,,,16
HWKN,GROUP ONE,3,,,,,,17
HXL,SIG,3,,,,,,14
HY,SIG,3,,,,,,14
HYD,SUMO,3,,,,,E,13
HYG,CITADEL,3,,Y,Y,Y,E-L-W,34
HYGH,WOLVERINE,3,,,,,E,14
HYGS,SIG,2,,,,,,14
HYLB,SUMO,3,,,,,E,12
HYLD,WOLVERINE,1,,,,,E,40
HYMB,SIG:RUT,3,,,,,E,34
HYS,SIG:RUT,3,,,,,E,34
HZNP,CITADEL,2,,,Y,,L,23
HZO,SIG,1,,,,,,11
I,GROUP ONE,3,,Y,Y,Y,L,17
IAC,TWO SIGMA,1,,,Y,Y,L,22
IAG,TWO SIGMA,3,,Y,Y,,L,22
IAI,CITADEL,1,,,,,E,13
IART,SIG,3,,Y,,,L,14
IAT,CITADEL,1,,,,,E,15
IAU,BARCLAYS,1,,,,,E-W,15
IBB,TWO SIGMA,3,,,Y,Y,E-L-W,22
IBCP,WOLVERINE,2,,,,,,16
IBKC,WOLVERINE,2,,,,,,12
IBKR,BARCLAYS,3,,,Y,Y,L,14
IBM,CITADEL,1,,,Y,Y,L-W,25
IBN,BARCLAYS,3,,,Y,Y,L,23
IBP,SIG,3,,,,,,12
ICAD,WOLVERINE,3,,,,,,11
ICE,CITADEL,3,,,Y,Y,L,12
ICF,SIG:RUT,2,,,,,E,34
ICHR,CITADEL,2,,,Y,Y,L,25
ICLK,SIG,3,,,,,,16
ICON,SIG,2,,,,,,26
ICPT,SIG,3,,,Y,Y,L-W,15
IDCC,CITADEL,3,,,,,,23
IDEX,CITADEL,1,,,,,,25
IDRA,GROUP ONE,2,,,,,,17
IDSY,SUMO,1,,,,,,21
IDT,BARCLAYS,3,,,Y,Y,L,24
IDTI,SIG,2,,,,,,23
IDU,SIG:RUT,3,,,,,E,34
IDV,SIG:RUT,1,,,,,E,34
IDXX,WOLVERINE,1,,Y,,,L,23
IEF,BARCLAYS,3,,,Y,Y,E-L-W,15
IEFA,SIG:RUT,3,,,,,E,34
IEI,CITADEL,1,,,,,E,11
IEMG,SIG:RUT,3,,,,,E,34
IEO,CITADEL,3,,,,,E,25
IEP,CITADEL,3,,,,,,24
IEUR,SUMO,3,,,,,E,22
IEV,SIG,3,,,,,E,24
IEX,BARCLAYS,1,,Y,,,L,21
IEZ,CITADEL,1,,,,,E,26
IFF,MORGAN,2,,,,,,15
IFGL,SUMO,3,,,,,E,34
IGC,GROUP ONE,2,,,,,,17
IGE,BARCLAYS,1,,,,,E,21
IGF,SUMO,1,,,,,E,34
IGIB,SIG:RUT,1,,,,,E,34
IGLB,SIG:RUT,1,,,,,E,34
IGM,SUMO,3,,,,,E,16
IGN,SIG:RUT,3,,,,,E,34
IGOV,SIG:RUT,1,,,,,E,34
IGSB,WOLVERINE,3,,,,,E,12
IGT,SIG,1,,,Y,Y,L,16
IGV,SIG:RUT,2,,,,,E,34
IHDG,SUMO,2,,,,,E,15
IHE,MORGAN,1,,,,,E,11
IHF,WOLVERINE,2,,,,,E,40
IHI,SUMO,1,,,,,E,26
IHY,SIG:RUT,1,,,,,E,34
IIIN,SUMO,1,,Y,,,L,21
IIN,SIG,3,,,,,,13
IIPR,SIG,1,,,,,,25
IIVI,BARCLAYS,1,,Y,,,L,23
IJH,BARCLAYS,2,,,,,E,24
IJJ,SIG:RUT,3,,,,,E,34
IJK,SIG:RUT,3,,,,,E,34
IJR,BARCLAYS,2,,,,,E,12
IJS,SIG:RUT,2,,,,,E,34
IJT,SIG:RUT,1,,,,,E,34
ILF,CITADEL,3,,,,,E,26
ILMN,SIG,3,,,Y,Y,L-W,14
ILPT,SIG,1,,,,,,21
IMAX,BARCLAYS,3,,,Y,,L,15
IMGN,MORGAN,1,,,,,,13
IMH,CITADEL,1,,,,,,16
IMMR,CITADEL,2,,,,,,21
IMMU,SIG,2,,,Y,Y,L-W,14
IMO,SIG,2,,,,,,26
INAP,CITADEL,1,,,,,,15
INCY,SIG,3,,,Y,Y,L,16
INDA,WOLVERINE,3,,,,,E-W,40
INDL,SIG:RUT,1,,,,,E,34
INFI,GROUP ONE,1,,,,,,17
INFN,BARCLAYS,1,,,Y,,L-W,14
INFO,CITADEL,1,,,,,,23
INFY,CITADEL,1,,,Y,Y,L,25
ING,SIG,1,,Y,,,L,12
INGN,WOLVERINE,3,,Y,,,L,24
INGR,CITADEL,1,,,,,,23
INN,SIG,3,,,,,,11
INO,SIG,2,,,,,,13
INOD,WOLVERINE,2,,,,,,14
INOV,SIG,1,,,,,,11
INSG,GROUP ONE,3,,,,,,17
INSM,GROUP ONE,2,,,Y,,L,17
INSP,WOLVERINE,2,,,,,,14
INST,CITADEL,2,,,,,,11
INSY,SIG,2,,,Y,Y,L,13
INT,BARCLAYS,2,,,,,,21
INTC,SIG,1,,,Y,Y,L-W,12
INTF,SUMO,3,,,,,E,21
INTL,WOLVERINE,1,,,,,,11
INTU,SIG,1,,,Y,Y,L,23
INVA,CITADEL,3,,,,,,14
INVE,GROUP ONE,1,,,,,,16
INVH,SIG,1,,,,,,16
INWK,CITADEL,1,,,,,,23
INXN,SIG,1,,,,,,24
IO,CITADEL,2,,,,,,24
IONS,TWO SIGMA,1,,,Y,Y,L-W,22
IOO,SIG:RUT,1,,,,,E,34
IOVA,SIG,3,,,,,,16
IP,SIG,1,,,Y,Y,L-W,14
IPFF,SIG:RUT,1,,,,,E,34
IPG,TWO SIGMA,1,,,Y,Y,L,22
IPGP,CITADEL,1,,Y,,,L,16
IPHI,WOLVERINE,1,,,,,,14
IPI,WOLVERINE,3,,,,,,14
IQ,SIG,3,,,Y,Y,L-W,25
IQDF,WOLVERINE,3,,,,,E,14
IQV,SIG,2,,Y,,,L,24
IR,SIG,3,,,Y,,L,11
IRBT,SIG,3,,,Y,Y,L-W,16
IRDM,CITADEL,1,,Y,Y,Y,L,17
IRM,TWO SIGMA,1,,Y,Y,Y,L,22
IRT,SIG,1,,,,,,26
IRTC,CITADEL,2,,,,,,25
IRWD,GROUP ONE,2,,,,,,17
ISBC,WOLVERINE,3,,,,,,26
ISCA,BARCLAYS,3,,,,,,11
ISIG,SIG,1,,,,,,15
ISRA,SIG:RUT,3,,,,,E,34
ISRG,BARCLAYS,1,,,Y,Y,L-W,16
IT,WOLVERINE,3,,,,,,11
ITA,WOLVERINE,1,,,,,E,14
ITB,CITADEL,1,,,Y,Y,E-L-W,13
ITCI,SIG,2,,,,,,14
ITGR,SIG,2,,Y,,,L,16
ITOT,SIG:RUT,1,,,,,E,34
ITP,CITADEL,2,,,,,,21
ITRI,SIG,2,,,,,,13
ITT,BARCLAYS,1,,,,,,16
ITUB,GROUP ONE,3,,,Y,Y,L,17
ITW,BARCLAYS,3,,,Y,Y,L-W,16
IUSG,SUMO,3,,,,,E,23
IUSV,SUMO,3,,,,,E,12
IVAC,SUMO,1,,,,,,23
IVE,SUMO,1,,,,,E,12
IVR,WOLVERINE,1,,,,,,23
IVV,SIG:RUT,3,,,,,E-W,34
IVW,SIG:RUT,1,,,,,E,34
IVZ,GROUP ONE,1,,Y,Y,Y,L,17
IWB,WOLVERINE,2,,,,,E,40
IWC,SIG:RUT,3,,,,,E,34
IWD,WOLVERINE,2,,,,,E,40
IWF,SIG:RUT,2,,Y,Y,Y,E-L,34
IWM,MORGAN,2,,Y,Y,Y,E-L-Q-W,40
IWN,MORGAN,2,,,,,E,40
IWO,MORGAN,2,,,Y,Y,E-L,40
IWP,SIG:RUT,1,,,,,E,34
IWR,SIG:RUT,2,,,,,E,34
IWS,SIG:RUT,2,,,,,E,34
IWV,BARCLAYS,2,,,,,E,25
IXC,SIG:RUT,1,,,,,E,34
IXJ,SUMO,3,,,,,E,11
IXP,SIG:RUT,1,,,,,E,34
IXUS,SIG:RUT,2,,,,,E,34
IYE,SIG:RUT,1,,,,,E,34
IYF,CITADEL,2,,,,,E,16
IYH,SIG:RUT,1,,,,,E,34
IYM,CITADEL,3,,,,,E,15
IYR,CITADEL,3,,,Y,Y,E-L-W,23
IYT,CITADEL,3,,,Y,,E-L,23
IYW,SIG:RUT,3,,,,,E,34
IYZ,TWO SIGMA,2,,,,,E,22
JACK,SIG,3,,,Y,Y,L,15
JAG,CITADEL,1,,,,,,21
JAZZ,WOLVERINE,3,,Y,,,L,21
JBGS,SIG,1,,,,,,21
JBHT,BARCLAYS,2,,,,,,25
JBL,SIG,3,,,Y,Y,L-W,14
JBLU,MORGAN,3,,,Y,Y,L,13
JCI,BARCLAYS,1,,,Y,Y,L,11
JCOM,CITADEL,3,,,,,,26
JCP,SIG,2,,,Y,Y,L-W,11
JD,CITADEL,3,,,Y,Y,L-W,24
JDST,SIG:RUT,3,,,Y,Y,E-L-W,34
JE,WOLVERINE,1,,,,,,16
JEC,BARCLAYS,1,,,,,,25
JEF,BARCLAYS,3,,,,,,25
JELD,SIG,1,,Y,,,L,23
JETS,WOLVERINE,3,,,,,E,14
JILL,SUMO,2,,,,,,11
JJC,WOLVERINE,3,,,,,E,14
JJG,SIG:RUT,1,,,,,E,34
JJOFF,SIG:RUT,3,,,Y,,E-L,34
JKS,WOLVERINE,3,,,Y,Y,L,13
JLL,BARCLAYS,3,,Y,,,L,12
JMEI,CITADEL,1,,,,,,16
JNCE,SUMO,3,,,,,,25
JNJ,BARCLAYS,1,,,Y,Y,L-W,25
JNK,CITADEL,3,,,Y,Y,E-L,12
JNPR,BARCLAYS,1,,,Y,Y,L-W,13
JNUG,SIG:RUT,3,,,Y,Y,E-L-W,34
JO,SIG:RUT,3,,,,,E,34
JOBS,SIG,1,,,,,,24
JOE,MORGAN,3,,,,,,12
JONE,SIG,1,,,,,,13
JPEM,SUMO,3,,,,,E,25
JPIN,SIG,3,,,,,E,25
JPM,SIG,3,,,Y,Y,L-W,24
JPNL,SIG:RUT,3,,,,,E,34
JPUS,SIG,3,,,,,E,25
JRJC,WOLVERINE,1,,,,,,11
JUST,SUMO,3,,,,,E,25
JWA,SIG,3,,,,,,14
JWN,SIG,1,,,Y,Y,L-W,11
K,SIG,3,,,Y,Y,L,23
KAI,SIG,1,,,,,,14
KALA,GROUP ONE,1,,,,,,17
KALU,SIG,3,,,,,,24
KAMN,SIG,3,,,,,,21
KAR,GROUP ONE,1,,,,,,23
KBAL,SUMO,3,,,,,,21
KBE,SIG:RUT,3,,,Y,Y,E-L,34
KBH,TWO SIGMA,1,,,Y,Y,L,22
KBR,SIG,3,,,,,,24
KBWB,SIG:RUT,3,,,,,E,34
KCAP,WOLVERINE,1,,,,,,11
KCE,CITADEL,3,,,,,E,14
KDMN,GROUP ONE,3,,,,,,26
KDP,BARCLAYS,2,,,Y,,L,16
KEG,CITADEL,1,,,,,,26
KELYA,SUMO,2,,,,,,13
KEM,WOLVERINE,3,,,Y,Y,L,14
KEX,WOLVERINE,3,,,,,,13
KEY,TWO SIGMA,3,,,Y,Y,L-W,22
KEYW,WOLVERINE,2,,,,,,14
KFY,SIG,3,,,,,,15
KGC,SIG,2,,,Y,Y,L-W,14
KHC,SIG,1,,,Y,Y,L,16
KIE,CITADEL,3,,,,,E,23
KIM,TWO SIGMA,1,,,,,,22
KIN,GROUP ONE,1,,,,,,23
KIRK,SIG,1,,,,,,24
KKR,WOLVERINE,3,,,Y,Y,L-W,14
KL,CITADEL,1,,,Y,Y,L,26
KLAC,SIG,3,,,Y,Y,L,21
KLIC,BARCLAYS,1,,,,,,15
KMB,SIG,1,,,Y,Y,L-W,24
KMI,WOLVERINE,3,,,Y,Y,L-W,14
KMPH,GROUP ONE,3,,,,,,17
KMT,WOLVERINE,1,,,,,,11
KMX,SIG,1,,,Y,Y,L-W,15
KN,CITADEL,3,,,,,,26
KNDI,GROUP ONE,3,,,Y,,L,17
KNL,BARCLAYS,3,,,,,,12
KNOP,WOLVERINE,1,,,,,,16
KNSL,WOLVERINE,1,,,,,,14
KNX,CITADEL,3,,,Y,Y,L,14
KO,BARCLAYS,2,,,Y,Y,L-W,25
KODK,CITADEL,1,,,,,W,15
KOF,MORGAN,2,,,,,,21
KOL,CITADEL,1,,,,,E,12
KOLD,SIG:RUT,2,,,,,E,34
KONA,WOLVERINE,3,,,,,,13
KOP,CITADEL,3,,,,,,26
KOPN,CITADEL,1,,,,,,25
KOS,WOLVERINE,1,,,,,,14
KPTI,SIG,2,,,,,,16
KR,SIG,1,,,Y,Y,L-W,13
KRA,GROUP ONE,1,,,,,,12
KRE,SIG:RUT,3,,,Y,Y,E-L-W,34
KRG,SIG,2,,,,,,24
KRNT,WOLVERINE,2,,,,,,14
KRNY,CITADEL,2,,,,,,21
KRO,SIG,2,,,,,,12
KSA,SUMO,3,,,,,E,21
KSS,CITADEL,1,,,Y,Y,L-W,25
KSU,BARCLAYS,3,,,Y,Y,L-W,25
KT,SIG,1,,,,,,16
KTCC,SUMO,2,,,,,,12
KTOS,SIG,2,,,Y,Y,L,17
KURA,SIG,1,,,,,,24
KW,SUMO,3,,,,,,13
KWEB,CITADEL,2,,,Y,Y,E-L,14
KYN,WOLVERINE,1,,,,,,14
L,SIG,3,,,,,,11
LABD,WOLVERINE,3,,,Y,,E-L-W,14
LABU,CITADEL,3,,,Y,Y,E-L-W,12
LAD,SIG,3,,,,,,14
LADR,SIG,2,,,,,,26
LAMR,BARCLAYS,1,,,,,,25
LAND,WOLVERINE,2,,,,,,14
LASR,CITADEL,3,,,,,,15
LAUR,GROUP ONE,3,,,,,,17
LAZ,SIG,3,,Y,,,L,14
LB,BARCLAYS,2,,,Y,Y,L-W,21
LBJ,SIG:RUT,2,,,,,E,34
LBRDA,SIG,1,,,,,,23
LBRDK,WOLVERINE,3,,,,,,14
LBRT,SUMO,3,,,,,,24
LBTYA,BARCLAYS,1,,,,,,25
LBTYK,CITADEL,1,,,,,,11
LBY,WOLVERINE,3,,,,,,15
LC,CITADEL,1,,,Y,Y,L,16
LCI,SIG,3,,,Y,Y,L,23
LCII,MORGAN,1,,Y,,,L,21
LDOS,GROUP ONE,2,,Y,,,L,17
LE,SIG,3,,,,,,21
LEA,SIG,3,,,Y,Y,L,21
LEAF,GROUP ONE,2,,,,,,17
LECO,CITADEL,3,,,,,,14
LEE,WOLVERINE,3,,,,,,11
LEG,SIG,3,,,,,,21
LEJU,SIG,2,,,,,,21
LEMB,SIG:RUT,3,,Y,,,E-L,34
LEN,CITADEL,2,,,Y,Y,L,25
LFC,SIG,1,,,,,,15
LFUS,SIG,3,,Y,,,L,16
LFVN,SUMO,3,,,,,,13
LGCY,GROUP ONE,3,,,,,,17
LGFA,GROUP ONE,3,,,,,,17
LGFB,GROUP ONE,1,,,,,,17
LGIH,WOLVERINE,2,,,,,,14
LGND,WOLVERINE,2,,Y,,,L,11
LH,MORGAN,2,,,,,,11
LII,WOLVERINE,3,,,,,,16
LILAK,WOLVERINE,1,,,,,,14
LIN,SIG,1,,,Y,Y,L,16
LINC,SIG,3,,,,,,16
LION,CITADEL,2,,,,,,16
LIT,SUMO,1,,,,,E,26
LITE,CITADEL,3,,,Y,Y,L-W,11
LIVN,BARCLAYS,1,,Y,,,L,21
LKFN,SIG,3,,,,,,25
LKQ,BARCLAYS,2,,Y,Y,Y,L,26
LKSD,CITADEL,1,,,,,,13
LL,BARCLAYS,2,,,Y,Y,L-W,26
LLEX,WOLVERINE,2,,,,,,14
LLL,BARCLAYS,1,,,,,,21
LLNW,MORGAN,3,,,Y,Y,L,17
LLY,CITIGROUP,1,,,Y,Y,L-W,23
LM,SIG,2,,,,,,11
LMAT,GROUP ONE,3,,,,,,17
LMRK,WOLVERINE,2,,,,,,14
LMT,SIG,3,,,Y,Y,L-W,23
LN,MORGAN,1,,,,,,14
LNC,SIG,1,,,Y,,L,16
LNDC,SIG,3,,,,,,11
LNG,WOLVERINE,3,,,Y,Y,L-W,16
LNN,CITADEL,3,,Y,,,L,16
LNTH,SIG,1,,,,,,25
LOB,WOLVERINE,3,,,,,,15
LOCO,MORGAN,3,,,,,,11
LOGI,CITADEL,3,,,,,,25
LOGM,SIG,3,,Y,,,L,26
LOMA,GROUP ONE,3,,,,,,26
LONE,GROUP ONE,1,,,,,,17
LOPE,BARCLAYS,3,,,,,,13
LORL,BARCLAYS,1,,,,,,13
LOW,CITIGROUP,1,,,Y,Y,L-W,12
LPCN,SIG,2,,,,,,14
LPI,MORGAN,1,,,,,,17
LPL,SIG,1,,,,,,13
LPLA,CITADEL,1,,Y,,,L,16
LPSN,BARCLAYS,1,,,,,,13
LPT,SIG,1,,,,,,24
LPX,WOLVERINE,2,,,,,,15
LQD,SIG:RUT,3,,,Y,Y,E-L,34
LQDH,SUMO,3,,,,,E,21
LRAD,WOLVERINE,1,,,,,,24
LRCX,CITADEL,3,,,Y,Y,L-W,26
LRGF,SUMO,3,,,,,E,17
LRN,WOLVERINE,3,,,,,,25
LSCC,CITADEL,3,,,,,,26
LSI,WOLVERINE,3,,,,,,13
LSTR,CITADEL,1,,,,,,11
LSXMA,SIG,1,,,,,,13
LTHM,WOLVERINE,1,,,,,,14
LTM,SIG,3,,,,,,13
LTPZ,SIG:RUT,3,,,,,E,34
LTRPA,SIG,1,,,,,,24
LTXB,SIG,1,,,,,,24
LULU,CITADEL,3,,,Y,Y,L-W,16
LUV,BARCLAYS,3,,,Y,Y,L-W,25
LVS,MORGAN,3,,,Y,Y,L-W,16
LW,GROUP ONE,1,,,,,,17
LX,SIG,2,,,,,,25
LXFT,CITADEL,1,,,,,,11
LXP,SIG,2,,,,,,24
LXRX,SIG,1,,,,,,17
LXU,CITADEL,3,,,,,,23
LYB,SIG,3,,,Y,Y,L-W,21
LYG,CITADEL,1,,,,,,15
LYTS,SIG,1,,,,,,23
LYV,SIG,1,,,,,,26
LZB,SIG,1,,,,,,16
M,BARCLAYS,2,,,Y,Y,L-W,25
MA,CITADEL,1,,,Y,Y,L-W,26
MAA,WOLVERINE,3,,,,,,21
MAC,CITADEL,3,,,Y,,L,26
MACK,SIG,3,,,,,,16
MAG,SIG,2,,,,,,23
MAGA,SUMO,1,,,,,E,24
MAIN,GROUP ONE,3,,,,,,17
MAN,CITADEL,3,,Y,,,L,11
MANH,WOLVERINE,1,,,,,,14
MANT,CITADEL,2,,,,,,23
MANU,SIG,3,,,,,,26
MAR,BARCLAYS,1,,,Y,Y,L-W,15
MARA,WOLVERINE,3,,,,,,16
MARK,CITADEL,1,,,,,,26
MAS,MORGAN,1,,,Y,Y,L,15
MASI,SIG,3,,,,,,23
MAT,CITIGROUP,1,,,Y,Y,L-W,16
MATW,BARCLAYS,3,,,,,,24
MATX,CITADEL,3,,,,,,11
MAXR,CITADEL,1,,,,,,24
MBB,SIG:RUT,3,,,,,E,34
MBI,MORGAN,2,,,Y,Y,L-W,16
MBIO,GROUP ONE,3,,,,,,17
MBT,CITADEL,3,,,Y,,L,16
MBUU,WOLVERINE,2,,,,,,23
MBWM,WOLVERINE,3,,,,,,14
MC,CITADEL,1,,,,,,21
MCC,GROUP ONE,3,,,,,,17
MCD,SIG,3,,,Y,Y,L-W,13
MCF,WOLVERINE,1,,,,,,26
MCHI,SIG:RUT,2,,,,,E,34
MCHP,TWO SIGMA,1,,,Y,Y,L,22
MCK,CITIGROUP,2,,,Y,Y,L-W,24
MCO,WOLVERINE,2,,,,,,21
MCRB,GROUP ONE,1,,,,,,17
MCRI,SIG,3,,,,,,23
MCRN,SUMO,3,,,,,,24
MD,BARCLAYS,2,,Y,,,L,16
MDB,CITADEL,2,,,Y,Y,L,12
MDC,CITADEL,3,,,,,,21
MDCA,SUMO,3,,,,,,23
MDCO,CITADEL,1,,,Y,Y,L,16
MDGL,CITADEL,1,,,,,,17
MDLZ,SIG,3,,,Y,Y,L-W,13
MDP,WOLVERINE,3,,,,,,16
MDR,CITADEL,2,,,Y,Y,L,23
MDRX,CITADEL,3,,,,,,12
MDSO,SIG,1,,,,,,26
MDT,SIG,2,,,Y,Y,L-W,21
MDU,SUMO,1,,,,,,12
MDXG,GROUP ONE,3,,,Y,Y,L,17
MDY,TWO SIGMA,3,,,Y,Y,E-L-W,22
MED,MORGAN,3,,,,,,26
MEDP,SIG,3,,,,,,11
MEET,SIG,2,,,Y,Y,L,17
MEI,WOLVERINE,1,,,,,,12
MEIP,GROUP ONE,3,,,,,,17
MELI,WOLVERINE,3,,,Y,Y,L,16
MEOH,GROUP ONE,1,,,,,,17
MERC,CITADEL,2,,,,,,23
MET,CITADEL,3,,,Y,Y,L-W,11
MFA,CITADEL,1,,,,,,12
MFC,TWO SIGMA,3,,,,,,22
MFG,WOLVERINE,1,,,,,,14
MFGP,WOLVERINE,1,,,,,,14
MFIN,SIG,2,,,,,,13
MG,WOLVERINE,2,,,,,,14
MGA,BARCLAYS,3,,Y,,,L,13
MGC,SIG:RUT,1,,,,,E,34
MGEE,SIG,2,,,,,,12
MGI,CITADEL,2,,,,,,11
MGIC,WOLVERINE,2,,,,,,14
MGK,SIG:RUT,1,,,,,E,34
MGLN,CITADEL,3,,,,,,21
MGM,TWO SIGMA,3,,,Y,Y,L-W,22
MGNX,CITADEL,1,,,,,,12
MGP,SIG,3,,,,,,22
MGPI,CITADEL,3,,,,,,14
MGV,SIG:RUT,1,,,,,E,34
MGY,WOLVERINE,3,,,,,,14
MHK,BARCLAYS,2,,Y,Y,Y,L,11
MHLD,WOLVERINE,2,,,,,,15
MHO,SIG,1,,,,,,15
MIC,WOLVERINE,1,,,Y,Y,L,11
MIDD,BARCLAYS,3,,Y,,,L,11
MIDU,BARCLAYS,1,,,,,E,12
MIDZ,WOLVERINE,1,,,,,E,40
MIK,CITADEL,3,,,Y,Y,L,14
MIME,SIG,2,,,,,,12
MIND,WOLVERINE,3,,,,,,14
MITK,SIG,1,,Y,,,L,24
MITT,WOLVERINE,2,,,,,,12
MJ,SUMO,3,,,Y,Y,E-L,23
MKC,WOLVERINE,3,,Y,,,L,12
MKL,SIG,1,,,,,,21
MKSI,BARCLAYS,1,,,,,,14
MKTX,SIG,2,,,,,,21
MLCO,SIG,1,,,Y,Y,L,15
MLHR,SUMO,2,,,,,,15
MLM,SIG,1,,,Y,Y,L,26
MLND,CITADEL,3,,,,,,21
MLNT,CITADEL,1,,,,,,21
MLNX,SIG,3,,Y,,,L,16
MLPA,GROUP ONE,3,,,,,E,17
MLPI,SUMO,3,,,,,N,15
MLPX,SIG:RUT,3,,,,,E,34
MMC,SIG,1,,,,,,14
MMLP,SIG,1,,,,,,16
MMM,SIG,1,,,Y,Y,L-W,15
MMP,WOLVERINE,1,,,Y,Y,L,12
MMSI,WOLVERINE,1,,,,,,12
MMYT,GROUP ONE,2,,,,,,17
MN,CITADEL,3,,,,,,13
MNK,CITADEL,1,,,Y,Y,L-W,24
MNKD,CITADEL,2,,,Y,Y,L-W,23
MNRO,BARCLAYS,1,,,,,,15
MNST,SIG,3,,,Y,Y,L-W,16
MNTA,SIG,3,,,,,,14
MNTX,SIG,3,,,,,,21
MO,SIG,3,,,Y,Y,L-W,11
MOAT,SUMO,3,,,,,E,13
MOBL,WOLVERINE,1,,,,,,12
MODN,CITADEL,2,,,,,,26
MOH,CITADEL,3,,,,,,24
MOMO,MORGAN,1,,,Y,Y,L-W,14
MOO,CITADEL,2,,,,,E,16
MORN,CITADEL,3,,,,,,13
MOS,BARCLAYS,3,,,Y,Y,L-W,26
MOV,WOLVERINE,3,,,,,,15
MPAA,SUMO,3,,,,,,14
MPC,SIG,1,,,Y,Y,L-W,16
MPLX,SIG,3,,,Y,Y,L,12
MPO,WOLVERINE,1,,,,,,14
MPW,GROUP ONE,1,,Y,,,L,17
MPWR,SIG,3,,Y,,,L,23
MPX,SUMO,3,,,,,,23
MR,SIG,2,,,,,,11
MRC,WOLVERINE,3,,,,,,14
MRCC,WOLVERINE,3,,,,,,14
MRCY,WOLVERINE,1,,,,,,21
MRK,WOLVERINE,1,,,Y,Y,L-W,15
MRKR,SIG,2,,Y,,,L,17
MRNA,GROUP ONE,1,,,,,,17
MRNS,SIG,1,,,Y,Y,L,16
MRO,SIG,1,,,Y,Y,L-W,14
MRTN,SIG,3,,,,,,24
MRTX,SIG,3,,,Y,Y,L,21
MRVL,CITIGROUP,2,,,Y,Y,L-W,12
MS,SIG,1,,,Y,Y,L-W,12
MSB,GROUP ONE,3,,,,,,16
MSCI,SIG,3,,,,,,26
MSFT,SIG,1,,,Y,Y,L-W,26
MSG,SIG,2,,Y,,,L,15
MSGN,SIG,2,,,,,,15
MSI,WOLVERINE,1,,,Y,,L,26
MSM,CITADEL,3,,,,,,13
MSTR,SIG,1,,,,,,11
MT,BARCLAYS,3,,,Y,Y,L-W,26
MTB,WOLVERINE,1,,Y,,,L,15
MTCH,SIG,3,,,Y,Y,L,12
MTDR,CITADEL,3,,Y,,,L,22
MTG,BARCLAYS,3,,,Y,Y,L,24
MTH,SIG,3,,,,,,12
MTL,SIG,1,,,,,,15
MTN,BARCLAYS,1,,Y,,,L,24
MTOR,SIG,2,,,Y,,L,14
MTRN,CITADEL,3,,,,,,21
MTRX,WOLVERINE,2,,,,,,24
MTSI,WOLVERINE,2,,,,,,14
MTUM,WOLVERINE,2,,,,,E,40
MTW,GROUP ONE,3,,,,,,17
MTX,SIG,2,,,,,,26
MTZ,WOLVERINE,1,,,Y,Y,L,16
MU,SIG,1,,,Y,Y,L-W,23
MUB,CITADEL,2,,,,,E,23
MUFG,CITADEL,2,,,,,,14
MUNI,SIG:RUT,3,,,,,E,34
MUR,SIG,1,,,,,,23
MUSA,SIG,1,,,,,,23
MUX,SIG,2,,,Y,,L,24
MVIS,WOLVERINE,2,,,,,,15
MVO,GROUP ONE,2,,,,,,24
MX,WOLVERINE,3,,,,,,23
MXEA,SIG:RUT,2,,,,,W,34
MXEF,SIG:RUT,2,,,,,W,34
MXI,SUMO,3,,,,,E,21
MXIM,WOLVERINE,2,,,Y,,L,14
MXL,CITADEL,3,,,,,,13
MXWL,WOLVERINE,3,,,,,,21
MYE,GROUP ONE,3,,,,,,16
MYGN,SIG,2,,,,,,12
MYL,CITIGROUP,1,,,Y,Y,L-W,23
MYOK,SIG,3,,,,,,26
MYRG,WOLVERINE,1,,,,,,15
MYY,SUMO,3,,,,,E,15
MZZ,CITADEL,3,,,,,E,12
NAK,SIG,2,,,Y,,L,26
NANO,BARCLAYS,3,,,,,,24
NANR,SUMO,3,,,,,E,22
NAO,SUMO,2,,,,,,12
NAT,GROUP ONE,1,,,Y,,L,17
NAV,SIG,1,,,Y,Y,L-W,12
NAVB,WOLVERINE,1,,,,,,14
NAVI,CITIGROUP,1,,Y,,,L,13
NBEV,WOLVERINE,3,,,Y,Y,L-W,14
NBHC,SIG,1,,,,,,15
NBIX,SIG,2,,Y,,,L,23
NBL,SIG,2,,,Y,Y,L,13
NBLX,CITADEL,2,,,,,,16
NBR,WOLVERINE,3,,,Y,Y,L-W,16
NBRV,GROUP ONE,1,,,,,,17
NCI,CITADEL,1,,,,,,16
NCLH,WOLVERINE,3,,,Y,Y,L,24
NCMI,CITADEL,3,,,,,,13
NCR,CITADEL,1,,,Y,,L,21
NCS,GROUP ONE,3,,,,,,23
NCTY,CITADEL,3,,,,,,14
NDAQ,SIG,3,,,,,,17
NDLS,SIG,2,,,,,,12
NDSN,SIG,3,,,,,,15
NE,SIG,3,,,Y,Y,L-W,24
NEE,WOLVERINE,3,,,Y,Y,L,15
NEM,SIG,3,,,Y,Y,L-W,12
NEO,GROUP ONE,2,,,,,,17
NEON,WOLVERINE,1,,,,,,24
NEOS,GROUP ONE,2,,,,,,17
NEP,GROUP ONE,1,,,,,,17
NEPT,CITADEL,2,,,Y,Y,L,25
NERV,SIG,1,,,,,,24
NEU,BARCLAYS,3,,,,,,23
NEW,GROUP ONE,3,,,,,,17
NEWM,SUMO,1,,,,,,11
NEWR,SUMO,3,,Y,,,L,13
NEWT,WOLVERINE,3,,,,,,14
NFBK,WOLVERINE,3,,,,,,23
NFG,GROUP ONE,1,,,,,,24
NFLX,SIG,3,,,Y,Y,L-W,16
NG,SIG,3,,,Y,,L,13
NGD,BARCLAYS,2,,,Y,,L,13
NGG,SIG,3,,,,,,13
NGL,WOLVERINE,1,,,,,,15
NGS,WOLVERINE,1,,,,,,23
NGVC,SIG,3,,,,,,12
NH,SIG,3,,,,,,12
NHC,SIG,2,,,,,,16
NHTC,SUMO,1,,,,,,15
NI,GROUP ONE,1,,,,,,17
NIB,SIG:RUT,2,,,,,E,34
NICE,BARCLAYS,2,,,,,,24
NIHD,WOLVERINE,3,,,,,,14
NIO,CITADEL,2,,,Y,Y,L,25
NK,MORGAN,1,,,,,,23
NKE,CITIGROUP,1,,,Y,Y,L-W,12
NKTR,BARCLAYS,2,,,Y,Y,L-W,24
NLNK,MORGAN,1,,,,,,17
NLS,WOLVERINE,1,,,,,,15
NLSN,SIG,2,,,Y,Y,L,24
NLST,GROUP ONE,2,,,,,,26
NLY,CITADEL,1,,,Y,Y,L-W,11
NM,WOLVERINE,3,,,,,,14
NMIH,SIG,3,,,,,,23
NMM,GROUP ONE,3,,,,,,17
NMR,WOLVERINE,1,,,,,,14
NMRK,SIG,3,,,,,,11
NNA,WOLVERINE,2,,,,,,21
NNBR,SUMO,3,,,,,,11
NNI,WOLVERINE,3,,,,,,24
NNN,BARCLAYS,3,,,,,,13
NOA,WOLVERINE,2,,,,,,16
NOAH,SIG,3,,,,,,15
NOBL,SIG:RUT,1,,,,,E,34
NOC,CITADEL,2,,,Y,Y,L-W,25
NOG,GROUP ONE,3,,,Y,Y,L,17
NOK,SIG,1,,Y,Y,Y,L-W,12
NOMD,SIG,2,,,,,,25
NOV,CITADEL,2,,,Y,Y,L-W,12
NOVT,SUMO,2,,,,,,13
NOW,SIG,2,,,Y,Y,L-W,14
NPO,MORGAN,3,,,,,,26
NPTN,GROUP ONE,2,,,,,,17
NR,SUMO,3,,,,,,23
NRG,BARCLAYS,3,,,Y,Y,L-W,14
NRP,CITADEL,1,,,,,,26
NRZ,MORGAN,2,,,Y,,L,24
NS,WOLVERINE,3,,,,,,12
NSA,CITADEL,1,,,,,,12
NSC,CITIGROUP,3,,,Y,Y,L-W,16
NSIT,SIG,2,,,,,,23
NSP,BARCLAYS,1,,Y,,,L,16
NSSC,GROUP ONE,3,,,,,,17
NSTG,SIG,1,,,,,,21
NTAP,BARCLAYS,3,,,Y,Y,L-W,26
NTCT,BARCLAYS,3,,,,,,26
NTEC,SIG,1,,,,,,13
NTES,SIG,3,,,Y,Y,L-W,11
NTGR,CITADEL,3,,,,,,16
NTLA,SIG,1,,,,,,14
NTNX,SIG,1,,,Y,Y,L-W,15
NTP,SIG,3,,,,,,11
NTR,CITADEL,3,,,Y,Y,L-W,16
NTRA,WOLVERINE,1,,,,,,13
NTRI,MORGAN,3,,,Y,Y,L,15
NTRS,BARCLAYS,1,,,,,,25
NTWK,WOLVERINE,1,,,,,,13
NUAN,BARCLAYS,1,,,Y,Y,L,15
NUE,SIG,1,,,Y,Y,L-W,11
NUGT,CITADEL,3,,,Y,Y,E-L-W,34
NUS,WOLVERINE,3,,,Y,,L,16
NUVA,SIG,3,,Y,,,L,11
NVAX,CITADEL,1,,,Y,,L,12
NVCR,SIG,3,,Y,,,L,24
NVDA,BARCLAYS,3,,,Y,Y,L-W,23
NVEE,CITADEL,2,,,,,,23
NVGS,MORGAN,3,,,,,,17
NVLN,SIG,3,,,,,,26
NVMI,WOLVERINE,2,,Y,,,L,11
NVO,MORGAN,3,,,Y,Y,L,17
NVRO,CITADEL,2,,Y,,,L,24
NVS,SIG,1,,,Y,Y,L,17
NVT,SIG,2,,,,,,25
NVTA,SIG,3,,,,,,14
NWE,SIG,3,,,,,,26
NWL,SIG,3,,,Y,Y,L,16
NWPX,WOLVERINE,3,,,,,,13
NWSA,SIG,1,,,,,,14
NX,SIG,3,,,,,,24
NXGN,CITADEL,3,,,,,,24
NXPI,SIG,1,,,Y,Y,L-W,13
NXRT,SUMO,2,,,,,,12
NXST,SIG,2,,,Y,Y,L,17
NXTD,GROUP ONE,1,,,,,,22
NYCB,SIG,1,,,Y,Y,L,15
NYMT,WOLVERINE,1,,,,,,14
NYMX,GROUP ONE,2,,,,,,17
NYT,CITADEL,1,,Y,Y,Y,L,26
O,WOLVERINE,3,,,Y,Y,L,14
OAK,MORGAN,1,,Y,,,L,14
OAS,MORGAN,2,,,Y,Y,L,17
OBE,SIG,3,,,,,,26
OC,CITIGROUP,2,,,Y,Y,L,14
OCFC,GROUP ONE,3,,,,,,14
OCN,GROUP ONE,1,,,Y,Y,L,17
OCSL,WOLVERINE,2,,,,,,14
OCUL,CITADEL,3,,,,,,14
OCX,GROUP ONE,2,,,,,,17
ODFL,SIG,1,,Y,,,L,21
ODP,TWO SIGMA,1,,,Y,Y,L,22
OEF,CITIGROUP:OEF,3,,Y,,,E-L,29
OESX,SIG,2,,,,,,12
OEX,OEX,4,,,Y,Y,L-W,29
OFC,SIG,3,,,,,,23
OFG,WOLVERINE,2,,,,,,21
OFIX,SIG,2,,,,,,16
OGE,WOLVERINE,3,,,,,,11
OGS,WOLVERINE,1,,,,,,24
OHI,SIG,3,,,Y,Y,L,26
OHRP,GROUP ONE,1,,,,,,17
OI,CITADEL,2,,,,,,14
OIH,BARCLAYS,1,,,Y,Y,E-L-W,15
OII,CITADEL,1,,,,,,14
OIL,SIG:RUT,3,,,,,N,34
OILD,SUMO,3,,,,,E,13
OILNF,SIG:RUT,3,,,Y,,L-N,34
OILU,WOLVERINE,3,,,,,E,14
OIS,SIG,3,,,,,,12
OKE,SIG,1,,,Y,Y,L-W,15
OKTA,SIG,2,,,Y,Y,L,25
OLED,BARCLAYS,3,,,Y,Y,L-W,15
OLLI,CITADEL,1,,,Y,Y,L,14
OLN,TWO SIGMA,2,,,,,W,22
OMC,SIG,1,,,Y,Y,L,24
OMED,CITADEL,3,,,,,,12
OMER,CITADEL,2,,,Y,,L,22
OMEX,MORGAN,3,,,,,,17
OMF,CITADEL,2,,,,,,16
OMN,WOLVERINE,2,,,,,,21
ON,WOLVERINE,1,,,Y,Y,L,24
ONB,BARCLAYS,3,,,,,,26
ONCE,MORGAN,3,,,,,,15
ONDK,CITADEL,2,,Y,,,L,13
ONVO,CITADEL,2,,,,,,12
OOMA,WOLVERINE,1,,,,,,12
OPHT,SIG,3,,,,,,14
OPI,SUMO,3,,,,,,16
OPK,GROUP ONE,3,,,Y,Y,L-W,17
OPY,SIG,3,,,,,,21
OR,GROUP ONE,1,,,,,,17
ORA,SIG,3,,,,,,11
ORAN,GROUP ONE,2,,,,,,17
ORBC,SUMO,3,,,,,,26
ORC,WOLVERINE,1,,,,,,16
ORCL,CITADEL,3,,,Y,Y,L-W,25
ORI,WOLVERINE,1,,,,,,11
ORIT,WOLVERINE,1,,,,,,21
ORLY,WOLVERINE,2,,,Y,,L,15
ORMP,GROUP ONE,2,,,,,,17
ORN,SUMO,3,,,,,,13
OSG,GROUP ONE,1,,,,,,17
OSIS,CITADEL,1,,Y,,,L,15
OSK,MORGAN,1,,Y,,,L,11
OSPN,BARCLAYS,3,,,,,,21
OSTK,CITADEL,3,,,Y,Y,L-W,25
OSUR,CITADEL,1,,,,,,21
OTEX,SIG,2,,Y,,,L,12
OTIC,CITADEL,3,,,,,,13
OUNZ,SUMO,3,,,,,E,23
OUSA,SUMO,1,,,,,E,21
OUT,MORGAN,3,,,,,,16
OXM,SIG,1,,,,,,26
OXSQ,WOLVERINE,2,,,,,,21
OXY,BARCLAYS,2,,,Y,Y,L-W,25
OZK,MORGAN,2,,,,,,21
OZM,SIG,3,,,,,,26
PAA,SIG,2,,,Y,Y,L-W,21
PAAS,TWO SIGMA,1,,,Y,Y,L,22
PACB,GROUP ONE,3,,,,,,17
PACW,SIG,3,,,,,,24
PAG,BARCLAYS,2,,,,,,13
PAGP,SIG,2,,,Y,Y,L,13
PAGS,SIG,2,,,Y,Y,L,21
PAM,WOLVERINE,3,,,,,,14
PANW,SIG,3,,,Y,Y,L-W,15
PARR,WOLVERINE,3,,,,,,13
PATK,SIG,2,,,,,,14
PAYC,CITADEL,2,,,Y,Y,L,13
PAYX,CITADEL,3,,,Y,Y,L,12
PBA,GROUP ONE,2,,,,,,26
PBCT,BARCLAYS,2,,,,,,12
PBF,SIG,3,,,Y,,L,12
PBFX,SIG,1,,,,,,16
PBI,SIG,1,,,Y,Y,L,12
PBPB,MORGAN,1,,,,,,12
PBR,MORGAN,1,,,Y,Y,L-W,16
PBRA,MORGAN,3,,,,,,23
PBT,CITADEL,3,,,,,,14
PBW,SIG:RUT,3,,,,,E,34
PBYI,SIG,3,,,Y,Y,L-W,13
PCAR,SIG,2,,Y,,,L,13
PCEF,WOLVERINE,3,,,,,E,40
PCG,BARCLAYS,3,,,Y,Y,L-W,25
PCOM,SIG,1,,,,,,11
PCRX,SIG,2,,,,,,26
PCSB,SIG,3,,,,,,21
PCTY,SIG,2,,,,,,11
PCY,SIG:RUT,3,,,,,E,34
PCYG,WOLVERINE,3,,,,,,15
PDBC,SUMO,3,,,,,E,15
PDCE,CITADEL,1,,Y,,,L,12
PDCO,SIG,1,,,Y,Y,L,11
PDD,SIG,1,,,,,,26
PDFS,WOLVERINE,2,,,,,,26
PDLI,SIG,2,,,,,,24
PDM,WOLVERINE,3,,,,,,11
PDP,SUMO,1,,,,,E,15
PDS,MORGAN,3,,,,,,11
PE,SIG,3,,,Y,Y,L,23
PEB,SIG,3,,,,,,14
PEG,SIG,3,,,,,,16
PEGA,SIG,3,,,,,,12
PEGI,CITADEL,3,,,Y,Y,L,15
PEI,GROUP ONE,1,,,,,,17
PEIX,GROUP ONE,1,,,,,,17
PEK,SUMO,3,,,,,E,12
PEN,SIG,1,,Y,,,L,22
PENN,SIG,1,,,Y,Y,L,23
PEO,SIG,2,,,,,,14
PEP,SIG,1,,,Y,Y,L-W,16
PER,MORGAN,1,,,,,,23
PERI,SIG,1,,,,,,14
PES,CITADEL,3,,,,,,12
PETQ,WOLVERINE,1,,,Y,,L,14
PETS,GROUP ONE,3,,,Y,,L,16
PETX,SIG,2,,,,,,14
PEY,SUMO,2,,,,,E,16
PFE,SIG,3,,,Y,Y,L-W,13
PFF,SIG:RUT,1,,,,,E,34
PFG,BARCLAYS,1,,,,,,23
PFGC,WOLVERINE,3,,,,,,15
PFMT,WOLVERINE,1,,,,,,26
PFPT,CITADEL,2,,Y,,,L,12
PFS,WOLVERINE,1,,,,,,14
PG,BARCLAYS,1,,,Y,Y,L-W,25
PGF,CITADEL,3,,,,,E,16
PGJ,CITADEL,3,,,,,E,13
PGNX,SIG,2,,,Y,Y,L,16
PGR,SIG,2,,,Y,Y,L,23
PGTI,WOLVERINE,2,,,,,,13
PGX,SIG:RUT,3,,,,,E,34
PH,BARCLAYS,2,,,Y,,L,25
PHB,CITADEL,1,,,,,E,11
PHG,CITADEL,1,,,,,,16
PHM,BARCLAYS,1,,,Y,Y,L-W,12
PHO,SIG:RUT,3,,,,,E,34
PHX,WOLVERINE,2,,,,,,15
PI,SIG,1,,,Y,,L,17
PICK,SIG:RUT,1,,,,,E,34
PICO,GROUP ONE,1,,,,,,12
PID,WOLVERINE,3,,,,,E,40
PIE,SUMO,1,,,,,E,34
PII,BARCLAYS,3,,,Y,Y,L,25
PIN,CITADEL,3,,,,,E,14
PINC,SIG,3,,,,,,21
PIR,WOLVERINE,3,,,,,,14
PIZ,SIG:RUT,3,,,,,E,34
PJC,CITADEL,3,,,,,,15
PJP,SIG:RUT,2,,,,,E,34
PJT,WOLVERINE,3,,,,,,15
PK,MORGAN,1,,,,,,12
PKDSQ,GROUP ONE,1,,,,,,12
PKG,TWO SIGMA,1,,Y,,,L,22
PKI,SIG,3,,,,,,26
PKW,SIG:RUT,2,,,,,E,34
PKX,SIG,2,,,,,,16
PLAN,SIG,2,,,,,,15
PLAY,WOLVERINE,1,,,Y,Y,L-W,26
PLCE,BARCLAYS,3,,,Y,Y,L-W,21
PLD,SIG,2,,,,,,16
PLNT,MORGAN,2,,,Y,Y,L,26
PLOW,SUMO,2,,,,,,24
PLSE,WOLVERINE,1,,,,,,14
PLT,CITADEL,2,,,,,,24
PLUG,MORGAN,3,,,Y,Y,L-W,14
PLX,GROUP ONE,2,,,,,,23
PLXS,WOLVERINE,3,,,,,,24
PM,SIG,3,,,Y,Y,L-W,15
PMT,WOLVERINE,1,,,,,,14
PNC,CITADEL,2,,,Y,Y,L-W,15
PNFP,WOLVERINE,2,,,,,,16
PNM,WOLVERINE,2,,,,,,12
PNNT,WOLVERINE,3,,,,,,14
PNQI,SIG:RUT,3,,,,,E,34
PNR,WOLVERINE,2,,,,,,21
PODD,CITADEL,3,,,,,,23
POL,WOLVERINE,3,,,,,,12
POOL,BARCLAYS,1,,Y,,,L,13
POR,CITADEL,3,,,,,,13
POST,SIG,3,,Y,,,L,24
POWI,WOLVERINE,1,,,,,,26
PPC,CITADEL,3,,,Y,Y,L,15
PPDF,WOLVERINE,3,,,,,,14
PPG,BARCLAYS,2,,,Y,Y,L-W,25
PPH,SUMO,1,,,,,E,12
PPL,BARCLAYS,1,,,Y,Y,L,13
PQG,SIG,3,,,,,,25
PRA,SIG,2,,,,,,24
PRAA,SIG,3,,,,,,15
PRAH,SIG,1,,,,,,24
PRCP,WOLVERINE,1,,,,,,11
PRF,SIG:RUT,3,,,,,E,34
PRFT,WOLVERINE,1,,,,,,21
PRFZ,WOLVERINE,3,,,,,E,21
PRGO,WOLVERINE,2,,,Y,Y,L-W,14
PRGS,WOLVERINE,3,,,,,,24
PRI,WOLVERINE,3,,,,,,23
PRIM,WOLVERINE,3,,,,,,14
PRK,SIG,3,,,,,,13
PRLB,SIG,1,,,,,,12
PRMW,SUMO,1,,,,,,15
PRO,SIG,2,,,,,,16
PRSC,WOLVERINE,3,,,,,,16
PRSP,SIG,3,,,,,,26
PRTA,CITADEL,3,,,,,,25
PRTK,CITADEL,3,,,,,,25
PRTY,CITADEL,1,,,,,,23
PRU,SIG,3,,,Y,Y,L,24
PS,CITADEL,1,,,,,,16
PSA,SIG,3,,,Y,Y,L,15
PSB,WOLVERINE,1,,,,,,13
PSCH,SUMO,2,,,,,E,12
PSDO,GROUP ONE,1,,,,,,17
PSEC,CITADEL,2,,,Y,,L,14
PSMT,SIG,1,,,,,,15
PSO,SUMO,3,,,,,,14
PSP,SIG:RUT,3,,,,,E,34
PSQ,SIG:RUT,1,,,,,E,34
PST,CITADEL,1,,,,,E,24
PSTG,CITADEL,2,,,Y,Y,L,23
PSTI,CITADEL,3,,,,,,26
PSX,SIG,2,,,Y,Y,L-W,14
PSXP,SIG,3,,,,,,12
PTC,BARCLAYS,1,,,Y,,L,16
PTCT,SIG,3,,,Y,,L-W,24
PTE,GROUP ONE,2,,,Y,Y,L,17
PTEN,CITADEL,2,,,,,,14
PTI,CITADEL,1,,,,,,25
PTLA,SIG,3,,,Y,Y,L,24
PTLC,SUMO,3,,,,,E,17
PTR,BARCLAYS,3,,,,,,16
PTXTQ,GROUP ONE,2,,,,,,17
PVAC,WOLVERINE,1,,,Y,,L,14
PVG,GROUP ONE,3,,,Y,Y,L,17
PVH,CITADEL,3,,,Y,Y,L,14
PVL,WOLVERINE,1,,,,,,14
PVTL,GROUP ONE,3,,Y,Y,Y,L,17
PWR,CITIGROUP,2,,,,,,13
PXD,BARCLAYS,3,,,Y,Y,L-W,11
PXH,SUMO,2,,,,,E,24
PXJ,SIG:RUT,3,,,,,E,34
PXLW,WOLVERINE,2,,,,,,23
PYPL,CITADEL,1,,,Y,Y,L-W,26
PYX,SIG,2,,,Y,Y,L,16
PZZA,BARCLAYS,1,,,Y,Y,L-W,26
QABA,SUMO,1,,,,,E,23
QADA,SUMO,2,,,,,,24
QCOM,SIG,1,,,Y,Y,L-W,26
QD,WOLVERINE,2,,,Y,Y,L,14
QDEL,SIG,3,,,,,,26
QEP,BARCLAYS,3,,,Y,Y,L,11
QGEN,SIG,2,,,,,,13
QID,CITADEL,1,,,Y,Y,E-L,15
QIWI,SIG,2,,,,,,17
QLD,CITADEL,1,,,Y,Y,E-L,24
QLYS,SIG,3,,Y,,,L,15
QNST,WOLVERINE,3,,,,,,14
QQEW,SIG:RUT,1,,,,,E,34
QQQ,WOLVERINE,3,,Y,Y,Y,E-L-Q-W,40
QQQE,SUMO,3,,,,,E,11
QRTEA,SIG,1,,,,,,14
QRVO,SIG,2,,,Y,Y,L,12
QSR,CITADEL,1,,,Y,Y,L,12
QTEC,SIG:RUT,1,,,,,E,34
QTNA,CITADEL,1,,,,,,15
QTNT,WOLVERINE,1,,Y,,,L,14
QTS,SIG,3,,,,,,16
QTT,GROUP ONE,1,,,,,,17
QTWO,CITADEL,2,,,,,,24
QUAD,SIG,1,,,,,,14
QUIK,WOLVERINE,2,,,,,,15
QUOT,WOLVERINE,2,,,,,,26
QURE,CITADEL,1,,Y,,,L,16
R,SIG,2,,Y,,,L,12
RACE,CITADEL,2,,,Y,Y,L-W,15
RAD,SIG,1,,,Y,Y,L-W,14
RAIL,SIG,3,,,,,,23
RAMP,CITADEL,2,,Y,,,L,13
RARE,CITADEL,2,,,,,,14
RARX,GROUP ONE,1,,,,,,17
RAVN,SIG,2,,,,,,26
RBA,SIG,3,,,,,,21
RBBN,WOLVERINE,1,,,,,,14
RBC,SIG,2,,,,,,24
RBS,WOLVERINE,2,,,,,,14
RCI,WOLVERINE,1,,,,,,12
RCII,BARCLAYS,3,,,Y,Y,L-W,16
RCKT,CITADEL,1,,,,,,16
RCL,CITADEL,3,,,Y,Y,L-W,26
RCM,CITADEL,2,,,,,,13
RDC,SIG,1,,,,,,13
RDFN,MORGAN,2,,,Y,Y,L,25
RDHL,SIG,1,,,,,,12
RDI,SUMO,1,,,,,,13
RDN,MORGAN,2,,,,,,11
RDNT,BARCLAYS,3,,,,,,12
RDS.A,CITIGROUP,1,,,Y,Y,,12
RDS.B,CITIGROUP,1,,,Y,,,26
RDUS,CITADEL,1,,,Y,,L,13
RDWR,BARCLAYS,3,,,,,,23
RDY,CITADEL,3,,,,,,14
RE,BARCLAYS,1,,,,,,26
RECN,SIG,2,,,,,,16
REDU,GROUP ONE,3,,,,,,17
REED,GROUP ONE,3,,,,,,23
REFR,WOLVERINE,3,,,,,,12
REG,SIG,1,,,,,,23
REGI,SIG,1,,,,,,13
REGL,WOLVERINE,1,,,,,E,14
REGN,BARCLAYS,2,,,Y,Y,L-W,23
REI,SUMO,3,,,,,,13
REK,WOLVERINE,1,,,,,E,12
REM,SIG:RUT,1,,,,,E,34
REMX,SIG:RUT,2,,,,,E,34
RENN,SIG,1,,,,,,14
REPH,SIG,1,,,,,,21
RES,GROUP ONE,3,,,,,,17
RESI,GROUP ONE,3,,,Y,Y,L,17
RESN,SIG,1,,,,,,21
RETA,CITADEL,2,,Y,,,L,22
RETL,SUMO,3,,,,,E,16
REV,BARCLAYS,2,,,,,,16
REVG,WOLVERINE,1,,,,,,15
REW,WOLVERINE,3,,,,,E,40
REXR,WOLVERINE,1,,,,,,14
REZ,SIG:RUT,1,,,,,E,34
REZI,WOLVERINE,2,,,,,,14
RF,SIG,2,,,Y,Y,L,15
RFP,SIG,1,,,,,,13
RGA,MORGAN,1,,,,,,11
RGEN,CITADEL,2,,,,,,23
RGLD,GROUP ONE,1,,,Y,Y,L,17
RGLS,SIG,2,,,,,,17
RGNX,CITADEL,1,,,,,,12
RGR,BARCLAYS,1,,,,,,12
RGS,CITADEL,3,,,,,,12
RH,WOLVERINE,2,,,Y,Y,L-W,23
RHI,BARCLAYS,3,,Y,,,L,25
RHP,SIG,1,,,,,,11
RHT,WOLVERINE,3,,,Y,Y,L-W,12
RICK,SIG,2,,,,,,23
RIG,SIG,2,,,Y,Y,L-W,23
RIGL,SIG,3,,,,,,23
RILY,GROUP ONE,1,,,,,,17
RING,SIG:RUT,1,,,,,E,34
RIO,SIG,1,,,Y,Y,L,15
RIOT,SIG,3,,,Y,Y,L-W,26
RJA,CITADEL,3,,,,,N,21
RJF,BARCLAYS,2,,,,,,12
RJI,CITADEL,3,,,,,N,21
RJN,WOLVERINE,2,,,,,N,40
RL,CITADEL,1,,,Y,Y,L-W,25
RLG,SIG:RUT,4,,,,,,34
RLGT,SIG,1,,,,,,16
RLGY,MORGAN,3,,,Y,Y,L,17
RLI,SIG,3,,,,,,13
RLJ,WOLVERINE,2,,,,,,23
RLV,SIG:RUT,4,,,,,,34
RMAX,CITADEL,3,,,,,,24
RMBS,SIG,2,,,Y,,L,24
RMD,SIG,1,,Y,,,L,14
RMTI,BARCLAYS,2,,,,,,11
RNG,WOLVERINE,1,,Y,,,L,14
RNR,BARCLAYS,1,,,,,,15
RNWK,CITADEL,2,,,,,,14
ROBO,SUMO,3,,,,,E,13
ROCK,SUMO,2,,,,,,26
ROG,SIG,3,,,,,,15
ROK,WOLVERINE,1,,,Y,,L,21
ROKU,MORGAN,1,,,Y,Y,L-W,26
ROLL,WOLVERINE,1,,,,,,21
ROM,BARCLAYS,2,,,,,E,26
ROP,SIG,2,,,,,,13
ROST,CITADEL,2,,,Y,Y,L,25
ROYT,SIG,3,,,,,,16
RP,SIG,1,,,,,,26
RPAI,SIG,3,,,,,,14
RPD,WOLVERINE,2,,,,,,16
RPM,BARCLAYS,2,,,,,,13
RPT,WOLVERINE,3,,,,,,24
RPV,SIG:RUT,3,,,,,E,34
RRC,CITADEL,3,,,Y,Y,L-W,24
RRD,CITADEL,3,,Y,,,L,25
RRGB,MORGAN,3,,,,,,16
RRR,MORGAN,1,,Y,,,L,24
RS,CITADEL,3,,,,,,24
RSG,CITADEL,1,,,,,,16
RSP,SUMO,3,,,,,E,24
RST,CITADEL,3,,Y,,,L,21
RSX,SIG:RUT,2,,,Y,Y,E-L-W,34
RTEC,CITADEL,2,,,,,,24
RTH,SIG:RUT,3,,,,,E,34
RTN,WOLVERINE,2,,,Y,Y,L-W,14
RTRX,CITADEL,3,,,,,,25
RTW,WOLVERINE,1,,,,,,24
RUBI,CITADEL,3,,,,,,16
RUI,SIG:RUT,4,,,,,,34
RUN,CITADEL,2,,,Y,Y,L,24
RUSHA,SUMO,1,,,,,,23
RUSL,SIG:RUT,3,,,,,E,34
RUSS,SIG:RUT,3,,,,,E,34
RUT,SIG:RUT,4,,,Y,Y,L,34
RUTH,CITADEL,2,,,,,,13
RVLT,GROUP ONE,3,,,,,,12
RVNC,GROUP ONE,1,,,,,,17
RWJ,SIG:RUT,1,,,,,E,34
RWK,SIG:RUT,1,,,,,E,34
RWL,SIG:RUT,3,,,,,E,34
RWM,SUMO,1,,,,,E,24
RWO,SIG:RUT,2,,,,,E,34
RWR,SIG:RUT,1,,,,,E,34
RWT,CITADEL,1,,,,,,14
RWX,SIG:RUT,1,,,,,E,34
RXL,SIG,1,,,,,E,14
RXN,SIG,2,,,,,,12
RY,TWO SIGMA,1,,,,,,22
RYAAY,WOLVERINE,3,,,,,,12
RYAM,CITADEL,2,,,,,,12
RYB,GROUP ONE,3,,,,,,17
RYH,MORGAN,1,,,,,E,24
RYI,CITADEL,3,,,,,,15
RYN,CITADEL,2,,,,,,13
S,CITIGROUP,2,,,Y,Y,L-W,11
SA,CITADEL,2,,,,,,14
SAA,WOLVERINE,3,,,,,E,40
SABR,WOLVERINE,1,,,,,,23
SAFE,GROUP ONE,1,,,,,,17
SAFM,CITADEL,2,,,,,,12
SAGE,SIG,2,,,Y,,L-W,24
SAH,CITADEL,2,,,,,,11
SAIC,SIG,2,,,,,,14
SAIL,WOLVERINE,3,,,,,,14
SALT,SUMO,3,,,,,,11
SAM,SIG,3,,Y,,,L,24
SAN,WOLVERINE,3,,,,,,14
SAND,SIG,3,,,Y,,L,17
SANM,BARCLAYS,1,,,,,,16
SANW,CITADEL,2,,,,,,24
SAP,CITADEL,3,,,Y,,L,25
SATS,SIG,1,,,,,,14
SAVE,WOLVERINE,3,,,Y,,L,14
SB,MORGAN,1,,,,,,17
SBAC,CITADEL,3,,Y,,,L,16
SBGI,WOLVERINE,3,,,Y,Y,L,26
SBGL,SIG,1,,,,,,11
SBH,SIG,3,,,,,,15
SBIO,SUMO,1,,,,,E,26
SBLK,SIG,2,,,,,,13
SBNY,SIG,3,,Y,,,L,23
SBRA,SUMO,1,,,,,,13
SBS,GROUP ONE,1,,,,,,17
SBSI,WOLVERINE,2,,,,,,21
SBUX,CITADEL,1,,,Y,Y,L-W,11
SC,SIG,1,,,Y,Y,L,26
SCCO,BARCLAYS,3,,,,,,12
SCHA,SIG:RUT,1,,,,,E,34
SCHB,SIG:RUT,1,,,,,E,34
SCHC,WOLVERINE,3,,,,,E,40
SCHD,SIG:RUT,1,,,,,E,34
SCHE,SIG:RUT,1,,,,,E,34
SCHF,SIG:RUT,1,,,,,E,34
SCHG,SIG:RUT,1,,,,,E,34
SCHH,SIG:RUT,1,,,,,E,34
SCHL,WOLVERINE,3,,,,,,13
SCHM,SIG:RUT,1,,,,,E,34
SCHN,MORGAN,2,,,,,,11
SCHP,SIG:RUT,3,,,,,E,34
SCHV,SIG:RUT,3,,,,,E,34
SCHW,CITIGROUP,3,,,Y,Y,L-W,16
SCHX,SIG:RUT,2,,,,,E,34
SCI,WOLVERINE,3,,,,,,12
SCJ,SUMO,3,,,,,E,34
SCO,MORGAN,1,,,Y,Y,E-L-W,12
SCOR,WOLVERINE,1,,,,,,14
SCS,MORGAN,1,,,,,,13
SCSC,SIG,3,,,,,,16
SCVL,WOLVERINE,3,,,,,,21
SCWX,SIG,1,,,,,,14
SCZ,WOLVERINE,3,,,,,E,40
SD,WOLVERINE,1,,,,,,15
SDIV,SIG:RUT,3,,,,,E,34
SDLP,SIG,3,,,,,,21
SDOW,CITADEL,3,,,Y,Y,E-L,23
SDR,GROUP ONE,3,,,,,,17
SDRL,WOLVERINE,1,,,,,,14
SDS,CITADEL,3,,,Y,Y,E-L-W,34
SDT,GROUP ONE,2,,,,,,17
SDY,CITADEL,1,,,,,E,21
SE,CITADEL,2,,,Y,Y,L,23
SEA,SIG:RUT,3,,,,,E,34
SEAC,MORGAN,1,,,,,,14
SEAS,SIG,3,,,Y,Y,L-W,26
SECO,WOLVERINE,3,,,,,,14
SEDG,CITADEL,3,,,Y,Y,L,23
SEE,TWO SIGMA,1,,,Y,,L,22
SEIC,CITADEL,3,,,,,,23
SELB,GROUP ONE,3,,,,,,17
SEM,SIG,3,,,,,,16
SEMG,SIG,1,,,,,,26
SENS,SIG,1,,,,,,21
SERV,WOLVERINE,2,,,,,,26
SESN,SIG,2,,,,,,12
SF,SIG,1,,,,,,26
SFBS,CITADEL,3,,,,,,24
SFE,CITADEL,1,,,,,,26
SFIX,SIG,3,,,Y,Y,L-W,26
SFL,SIG,2,,,,,,21
SFLY,CITADEL,3,,,Y,Y,L,11
SFM,SIG,3,,,Y,Y,L,12
SFUN,SIG,2,,,,,,13
SGEN,GROUP ONE,3,,Y,,,L,17
SGG,CITADEL,2,,,,,E,13
SGH,CITADEL,3,,,,,,17
SGMO,WOLVERINE,2,,,Y,Y,L,21
SGMS,MORGAN,1,,,Y,Y,L,26
SGOL,MORGAN,3,,,,,E,23
SGRY,GROUP ONE,3,,,,,,17
SGYP,GROUP ONE,1,,,Y,Y,L,17
SH,CITADEL,2,,,,,E,14
SHAK,MORGAN,3,,,Y,Y,L-W,23
SHEN,SIG,1,,,,,,16
SHLDQ,SIG,3,,,Y,Y,L,21
SHLX,WOLVERINE,1,,,,,,23
SHOO,SIG,3,,Y,,,L,26
SHOP,SIG,1,,,Y,Y,L-W,14
SHOS,SIG,1,,,,,,14
SHW,WOLVERINE,3,,Y,,,L-W,23
SHY,CITADEL,3,,,Y,Y,E-L-W,23
SHYG,WOLVERINE,3,,,,,E,14
SID,CITADEL,3,,,,,,26
SIEB,WOLVERINE,2,,,,,,12
SIEN,WOLVERINE,1,,,,,,16
SIFY,WOLVERINE,1,,,,,,15
SIG,SIG,1,,,Y,Y,L-W,26
SIGA,GROUP ONE,3,,,,,,17
SIGI,WOLVERINE,3,,,,,,23
SIL,CITADEL,1,,,,,E,11
SIMO,CITADEL,3,,,,,,23
SINA,CITADEL,3,,,Y,Y,L,23
SIRI,MORGAN,3,,,Y,Y,L-W,15
SITC,CITADEL,1,,,,,,15
SITE,WOLVERINE,1,,,,,,14
SIVB,BARCLAYS,2,,Y,,,L,21
SIVR,MORGAN,3,,,,,E,12
SIX,CITADEL,3,,,Y,Y,L,16
SIXB,SIG:RUT,3,,,,,,34
SIXC,SIG:RUT,3,,,,,,34
SIXE,SIG:RUT,3,,,,,,34
SIXI,SIG:RUT,3,,,,,,34
SIXM,SIG:RUT,3,,,,,,34
SIXR,SIG:RUT,3,,,,,,34
SIXRE,SIG:RUT,2,,,,,,34
SIXT,SIG:RUT,3,,,,,,34
SIXU,SIG:RUT,3,,,,,,34
SIXV,SIG:RUT,3,,,,,,34
SIXY,SIG:RUT,3,,,,,,34
SIZE,WOLVERINE,3,,,,,E,14
SJB,SIG:RUT,1,,,,,E,34
SJM,BARCLAYS,1,,,Y,Y,L,25
SJNK,WOLVERINE,3,,,,,E,40
SJR,MORGAN,1,,,,,,14
SJT,SIG,1,,,,,,12
SKF,CITADEL,1,,,,,E,16
SKIS,WOLVERINE,3,,,,,,14
SKM,WOLVERINE,3,,,,,,13
SKT,GROUP ONE,3,,,Y,,L,14
SKX,SIG,1,,,Y,Y,L-W,21
SKY,GROUP ONE,2,,Y,,,L,17
SKYW,WOLVERINE,1,,,,,,11
SKYY,SIG:RUT,1,,,,,E,34
SLAB,SIG,1,,Y,,,L,21
SLB,CITADEL,2,,,Y,Y,L-W,15
SLCA,SIG,3,,,Y,Y,L,26
SLDB,GROUP ONE,1,,,,,,17
SLF,SIG,2,,,,,,26
SLG,SIG,2,,,,,,16
SLGN,BARCLAYS,2,,,,,,21
SLM,CITIGROUP,1,,Y,,,L,13
SLP,SIG,3,,,,,,23
SLRC,WOLVERINE,3,,,,,,13
SLV,BARCLAYS,1,,Y,Y,Y,E-L-Q-W,40
SLX,CITADEL,3,,,,,E,26
SM,SIG,2,,,Y,Y,L,16
SMAR,GROUP ONE,2,,,,,,17
SMED,CITADEL,2,,,,,,16
SMFG,WOLVERINE,1,,,,,,14
SMG,SIG,3,,Y,,,L,12
SMH,SIG:RUT,2,,,Y,Y,E-L-W,34
SMLP,GROUP ONE,3,,,,,,17
SMN,CITADEL,1,,,,,E,23
SMP,WOLVERINE,2,,,,,,12
SMPL,SIG,2,,,,,,26
SMRT,CITADEL,2,,,,,,24
SMSI,SIG,1,,,,,,12
SMTC,SIG,3,,,,,,15
SMTX,SIG,3,,,,,,24
SNA,CITADEL,3,,Y,,,L,25
SNAP,CITADEL,1,,,Y,Y,L-W,12
SNBR,CITADEL,3,,,,,,11
SNCR,CITADEL,3,,,Y,,L,26
SND,WOLVERINE,1,,,,,,14
SNDR,SIG,1,,,,,,13
SNDX,GROUP ONE,1,,,,,,17
SNE,BARCLAYS,1,,,Y,Y,L-W,25
SNH,WOLVERINE,3,,,,,,26
SNN,WOLVERINE,3,,,,,,21
SNP,WOLVERINE,1,,,,,,14
SNPS,SIG,3,,Y,,,L,15
SNR,SUMO,2,,,,,,13
SNSS,CITADEL,1,,,,,,22
SNV,BARCLAYS,2,,,,,,11
SNX,CITADEL,3,,Y,,,L,26
SNY,TWO SIGMA,3,,,,,,22
SO,CITIGROUP,2,,,Y,Y,L-W,13
SOCL,SIG:RUT,3,,,,,E,34
SOGO,WOLVERINE,1,,Y,Y,Y,L,14
SOHU,CITADEL,3,,Y,Y,Y,L,12
SOI,WOLVERINE,2,,,,,,14
SOL,CITADEL,1,,,,,,23
SOLO,GROUP ONE,3,,,,,,17
SONO,CITADEL,1,,,Y,Y,L,14
SORL,CITADEL,3,,,,,,26
SOXL,SIG,2,,,Y,Y,E-L,25
SOXS,SIG,2,,,,,E,11
SOXX,SIG:RUT,1,,,,,E,34
SOYB,SUMO,2,,,,,E,16
SP,SUMO,1,,,,,,21
SPAR,SIG,3,,,,,,23
SPB,SIG,1,,,Y,,L,26
SPDN,SUMO,1,,,,,E,16
SPDW,SUMO,2,,,,,E,34
SPEM,SUMO,3,,,,,E,25
SPG,SIG,1,,,Y,Y,L,21
SPGI,MORGAN,2,,,Y,,L-W,21
SPH,MORGAN,2,,,,,,24
SPHB,SIG:RUT,3,,,,,E,34
SPHD,WOLVERINE,3,,,,,E,23
SPHQ,SIG,1,,,,,E,13
SPHS,SIG,1,,,,,,16
SPKE,CITADEL,3,,,,,,21
SPLG,SUMO,3,,,,,E,14
SPLK,MORGAN,2,,,Y,Y,L-W,15
SPLV,SIG:RUT,3,,,,,E,34
SPN,WOLVERINE,3,,,,,,14
SPNE,CITADEL,3,,,,,,16
SPNS,SIG,1,,,,,,26
SPOT,MORGAN,1,,,Y,Y,L-W,23
SPPI,MORGAN,2,,,,,,17
SPR,SIG,1,,,,,,26
SPRT,WOLVERINE,3,,,,,,12
SPSC,WOLVERINE,1,,,,,,15
SPSM,SUMO,3,,,,,E,24
SPTM,SUMO,3,,,,,E,12
SPWR,SIG,3,,,Y,Y,L-W,13
SPX,SPX,,,,Y,Y,L-W,88
SPXC,SIG,3,,,,,,11
SPXL,BARCLAYS,1,,,Y,Y,E-L,25
SPXS,BARCLAYS,1,,,Y,Y,E-L,25
SPXU,BARCLAYS,3,,,Y,Y,E-L,23
SPY,MORGAN,3,,Y,Y,Y,E-L-Q-W,40
SPYG,SUMO,3,,,,,E,22
SPYV,SUMO,3,,,,,E,22
SQ,MORGAN,3,,,Y,Y,L-W,12
SQBG,SIG,3,,,,,,16
SQM,SIG,1,,Y,,,L,15
SQQQ,BARCLAYS,3,,,Y,Y,E-L,25
SR,SIG,3,,,,,,11
SRC,GROUP ONE,1,,,,,,13
SRCI,GROUP ONE,3,,,,,,17
SRCL,SIG,2,,,,,,21
SRDX,SIG,2,,,,,,24
SRE,CITADEL,1,,,Y,Y,L,15
SREV,WOLVERINE,1,,,,,,14
SRG,CITADEL,1,,Y,,,L,12
SRI,GROUP ONE,3,,,,,,17
SRLP,CITADEL,1,,,,,,23
SRNE,MORGAN,3,,,,,,21
SRPT,GROUP ONE,2,,,Y,Y,L-W,17
SRS,CITADEL,1,,,,,E,21
SRT,WOLVERINE,2,,,,,,12
SRTY,SUMO,2,,,,,E,25
SSD,CITADEL,3,,,,,,13
SSI,SUMO,1,,,,,,13
SSL,CITADEL,3,,,,,,15
SSNC,CITADEL,1,,,,,,24
SSO,CITADEL,3,,,Y,Y,E-L-W,34
SSP,SUMO,3,,,,,,24
SSRM,WOLVERINE,3,,Y,,,L,14
SSTK,WOLVERINE,2,,,,,,12
SSW,MORGAN,2,,,,,,16
SSYS,SIG,3,,,Y,Y,L-W,14
ST,MORGAN,3,,,,,,23
STAA,SIG,3,,Y,,,L,13
STAG,CITADEL,3,,,,,,13
STAY,CITADEL,1,,,,,,11
STC,CITADEL,2,,,,,,21
STCN,SIG,3,,,,,,14
STE,SIG,3,,,,,,11
STI,SIG,1,,,Y,Y,L,13
STKL,WOLVERINE,3,,Y,,,L,14
STLD,GROUP ONE,2,,,Y,Y,L,17
STM,CITADEL,1,,,Y,Y,L,21
STMP,SIG,2,,,Y,Y,L-W,26
STNG,WOLVERINE,1,,,Y,Y,L,14
STON,MORGAN,1,,,,,,13
STOR,SIG,1,,,,,,21
STRA,CITADEL,1,,,,,,16
STRL,SUMO,3,,,,,,13
STT,SIG,2,,,Y,Y,L,23
STWD,WOLVERINE,3,,Y,,,L,26
STX,SIG,3,,,Y,Y,L-W,11
STZ,CITADEL,1,,,Y,Y,L-W,23
SU,CITADEL,3,,,Y,Y,L-W,25
SUI,WOLVERINE,3,,,,,,24
SUM,SIG,2,,,Y,Y,L,21
SUN,GROUP ONE,3,,,,,,17
SUNW,WOLVERINE,3,,,,,,23
SUPN,GROUP ONE,3,,,,,,17
SUZ,SIG,3,,,,,,14
SVMK,WOLVERINE,1,,,,,,14
SVRA,SIG,2,,,,,,16
SVVC,WOLVERINE,3,,,,,,15
SVXY,GROUP ONE:VIX,3,,,Y,Y,E-L-W,70
SWCH,SIG,2,,,Y,,L,25
SWIR,CITADEL,3,,,,,,24
SWK,CITADEL,1,,,Y,Y,L-W,25
SWKS,CITIGROUP,2,,,Y,Y,L-W,21
SWM,SIG,3,,,,,,23
SWN,CITADEL,3,,,Y,Y,L-W,16
SXC,SIG,3,,,,,,16
SXCP,SIG,2,,,,,,23
SXT,CITADEL,1,,,,,,26
SYF,SIG,3,,,Y,Y,L-W,12
SYK,SIG,3,,,Y,Y,L,21
SYKE,SIG,1,,,,,,11
SYMC,SIG,1,,,Y,Y,L-W,24
SYNA,CITADEL,3,,,Y,Y,L-W,26
SYNC,GROUP ONE,1,,,,,,17
SYRS,GROUP ONE,1,,,,,,17
SYY,SIG,2,,,Y,Y,L-W,24
T,TWO SIGMA,1,,,Y,Y,L-W,22
TA,GROUP ONE,3,,,,,,17
TACO,WOLVERINE,3,,,,,,14
TAK,BARCLAYS,1,,,Y,Y,L,26
TAL,CITADEL,2,,,Y,Y,L,21
TALO,WOLVERINE,1,,,,,,14
TAN,CITADEL,1,,,,,E,14
TAO,SIG:RUT,3,,,,,E,34
TAOP,GROUP ONE,1,,,,,,24
TAP,SIG,1,,,Y,Y,L-W,14
TAST,SUMO,3,,,,,,16
TBF,MORGAN,3,,,,,E,16
TBI,SUMO,2,,,,,,24
TBK,SUMO,2,,,,,,12
TBT,CITADEL,3,,,Y,Y,E-L-W,34
TCBI,WOLVERINE,3,,,,,,26
TCF,BARCLAYS,1,,,,,,14
TCO,SIG,3,,,,,,12
TCP,WOLVERINE,2,,,,,,14
TCRD,GROUP ONE,3,,,,,,21
TCS,MORGAN,1,,,,,,12
TCX,CITADEL,2,,,,,,13
TD,TWO SIGMA,1,,,,,,22
TDC,GROUP ONE,1,,Y,,,L,17
TDG,SIG,2,,Y,,,L,14
TDIV,SUMO,2,,,,,E,23
TDOC,CITADEL,1,,Y,Y,Y,L,24
TDS,BARCLAYS,2,,,,,,14
TDW,SIG,1,,,,,,21
TEAM,MORGAN,3,,,Y,Y,L,13
TECD,SIG,3,,Y,,,L,23
TECK,BARCLAYS,2,,,Y,Y,L-W,24
TECL,BARCLAYS,1,,,,,E,25
TECS,BARCLAYS,1,,,,,E,14
TEF,SIG,3,,,,,,24
TEL,BARCLAYS,1,,,,,,16
TELL,WOLVERINE,1,,,Y,Y,L,14
TEN,BARCLAYS,1,,,,,,21
TENB,GROUP ONE,3,,,,,,17
TEO,SIG,1,,,,,,21
TER,SIG,1,,,Y,Y,L,11
TERP,SIG,3,,,,,,26
TEVA,BARCLAYS,3,,,Y,Y,L-W,14
TEX,CITIGROUP,1,,,,,,26
TFSL,SIG,1,,,,,,13
TG,WOLVERINE,3,,,,,,24
TGB,GROUP ONE,2,,,,,,17
TGE,MORGAN,1,,,,,,15
TGI,WOLVERINE,3,,,,,,21
TGNA,BARCLAYS,1,,,,,,25
TGP,BARCLAYS,2,,,Y,,L,16
TGT,SIG,1,,,Y,Y,L-W,16
TGTX,MORGAN,2,,,Y,Y,L,17
THC,MORGAN,2,,,Y,Y,L-W,26
THO,MORGAN,3,,,Y,Y,L,24
THRM,WOLVERINE,3,,,,,,12
THS,CITADEL,2,,,,,,13
TIER,WOLVERINE,3,,,,,,24
TIF,CITIGROUP,2,,,Y,Y,L-W,16
TILE,SUMO,1,,,,,,15
TIP,CITADEL,3,,,,,E,12
TIS,SIG,3,,,Y,Y,L,25
TITN,SIG,3,,,,,,16
TIVO,WOLVERINE,1,,,Y,Y,L,15
TJX,BARCLAYS,1,,,Y,Y,L,25
TK,CITADEL,1,,,Y,,L,25
TKC,CITADEL,1,,,,,,23
TKR,TWO SIGMA,3,,,,,,22
TLH,SIG:RUT,3,,,,,E,34
TLND,SIG,2,,,,,,21
TLRA,GROUP ONE,1,,,,,,17
TLRD,BARCLAYS,2,,,Y,Y,L,15
TLRY,CITADEL,3,,,Y,Y,L-W,24
TLT,BARCLAYS,3,,,Y,Y,E-L-W,34
TLYS,SIG,1,,,,,,12
TM,CITIGROUP,1,,Y,,,L,15
TME,CITADEL,1,,Y,Y,Y,L,21
TMF,BARCLAYS,2,,,,,E,26
TMHC,SIG,1,,,,,,12
TMK,BARCLAYS,2,,,,,,12
TMO,BARCLAYS,3,,,Y,Y,L,26
TMQ,SIG,3,,,,,,21
TMUS,SIG,2,,Y,Y,Y,L-W,12
TMV,BARCLAYS,2,,,,,E,16
TNA,BARCLAYS,1,,,Y,Y,E-L-W,25
TNAV,SUMO,1,,,,,,24
TNDM,SIG,2,,,Y,Y,L-W,12
TNET,SIG,3,,,,,,26
TNK,WOLVERINE,2,,,,,,14
TNP,BARCLAYS,3,,,,,,14
TOCA,SUMO,3,,,,,,25
TOL,TWO SIGMA,3,,,Y,Y,L-W,22
TOO,WOLVERINE,2,,,Y,,L,24
TOT,TWO SIGMA,2,,Y,,,L,22
TOUR,GROUP ONE,1,,,,,,24
TOWR,SUMO,1,,,,,,16
TPB,GROUP ONE,1,,,,,,17
TPC,CITADEL,1,,,,,,23
TPCO,WOLVERINE,1,,,,,,24
TPH,MORGAN,1,,,,,,25
TPIC,SIG,2,,,,,,26
TPR,SIG,2,,,Y,Y,L-W,14
TPRE,WOLVERINE,1,,,,,,14
TPX,BARCLAYS,3,,,Y,Y,L,24
TQQQ,BARCLAYS,3,,,Y,Y,E-L-W,21
TR,SIG,3,,,,,,25
TRC,SIG,1,,,,,,16
TRCO,WOLVERINE,1,,,Y,Y,L,12
TREC,SIG,1,,,,,,13
TREE,WOLVERINE,1,,,,,,13
TREX,WOLVERINE,1,,Y,,,L,23
TRGP,CITADEL,1,,,Y,Y,L,15
TRHC,WOLVERINE,1,,,,,,14
TRI,BARCLAYS,1,,,Y,Y,L,14
TRIB,SIG,2,,,,,,16
TRIL,GROUP ONE,2,,,,,,17
TRIP,SIG,3,,,Y,Y,L-W,23
TRMB,CITADEL,2,,,,,,16
TRN,BARCLAYS,1,,,Y,Y,L-W,15
TRNO,WOLVERINE,3,,,,,,14
TROW,SIG,1,,Y,,,L-W,12
TROX,CITADEL,2,,,Y,Y,L,25
TRP,SIG,2,,,,,,12
TRQ,CITADEL,3,,,,,,26
TRS,SIG,3,,,,,,26
TRST,WOLVERINE,1,,,,,,13
TRTN,SIG,1,,Y,,,L,24
TRTX,WOLVERINE,1,,,,,,14
TRU,WOLVERINE,3,,,,,,14
TRUP,SIG,2,,Y,,,L,16
TRV,SIG,1,,,Y,Y,L,21
TRVG,SIG,1,,,,,,14
TRVN,CITADEL,3,,,,,,23
TRXC,SIG,1,,,Y,Y,L,14
TS,CITADEL,3,,Y,,,L,24
TSCO,CITADEL,1,,,Y,Y,L-W,25
TSE,CITADEL,2,,,,,,15
TSEM,WOLVERINE,1,,,Y,,L,21
TSLA,SIG,3,,,Y,Y,L-W,12
TSM,MORGAN,1,,,Y,Y,L,17
TSN,CITADEL,1,,,Y,Y,L-W,16
TSQ,SUMO,3,,,,,,26
TSS,BARCLAYS,2,,,Y,Y,L,15
TSU,CITADEL,2,,,,,,11
TTC,CITADEL,3,,,,,,21
TTD,CITADEL,1,,,Y,Y,L-W,21
TTEC,SIG,1,,,,,,13
TTEK,CITADEL,3,,Y,,,L,12
TTGT,WOLVERINE,3,,,,,,14
TTM,SIG,1,,,Y,Y,L-W,13
TTMI,CITADEL,3,,,,,,13
TTPH,GROUP ONE,2,,,,,,17
TTS,WOLVERINE,2,,,,,,14
TTT,SIG:RUT,1,,,,,E,34
TTWO,CITIGROUP,3,,,Y,Y,L-W,14
TU,WOLVERINE,3,,,,,,12
TUP,BARCLAYS,1,,Y,Y,Y,L,16
TUR,SIG:RUT,2,,,Y,Y,E-L,34
TUSK,GROUP ONE,1,,,,,,17
TV,TWO SIGMA,1,,,,,,22
TVPT,GROUP ONE,3,,,,,,17
TVTY,SIG,2,,,,,,23
TWI,BARCLAYS,1,,,,,,21
TWLO,MORGAN,1,,,Y,Y,L-W,21
TWM,CITADEL,1,,,,,E,12
TWNK,WOLVERINE,1,,,,,,11
TWO,CITADEL,3,,,,,,13
TWOU,SUMO,1,,Y,,,L,12
TWTR,MORGAN,3,,,Y,Y,L-W,13
TX,BARCLAYS,2,,,,,,14
TXMD,CITADEL,3,,,Y,Y,L,22
TXN,SIG,1,,,Y,Y,L-W,14
TXRH,BARCLAYS,3,,,,,,11
TXT,MORGAN,3,,,Y,Y,L,14
TYD,SIG:RUT,2,,,,,E,34
TYL,WOLVERINE,3,,,,,,14
TYO,SIG:RUT,2,,,,,E,34
TYPE,SUMO,2,,,,,,16
TZA,BARCLAYS,1,,,Y,Y,E-L-W,24
TZOO,SIG,3,,,,,,23
UA,CITADEL,1,,,Y,Y,L-W,21
UAA,CITADEL,1,,,Y,Y,L-W,21
UAL,CITADEL,3,,,Y,Y,L-W,26
UAN,WOLVERINE,2,,,,,,14
UBIO,SUMO,3,,,,,E,24
UBNK,SIG,2,,,,,,13
UBNT,SIG,3,,,Y,Y,L,13
UBS,MORGAN,2,,Y,,,L,16
UBSH,CITADEL,1,,,,,,12
UBT,SIG:RUT,1,,,,,E,34
UCO,CITADEL,1,,,Y,Y,E-L-W,16
UCTT,SIG,3,,,Y,,L,15
UDN,CITADEL,3,,,,,E,11
UDOW,CITADEL,3,,,Y,Y,E-L,11
UDR,WOLVERINE,1,,,,,,14
UEC,SIG,2,,,,,,17
UEPS,SIG,1,,,,,,23
UFI,WOLVERINE,3,,,,,,16
UFPI,SIG,1,,,,,,11
UFS,SIG,1,,,,,,24
UGA,CITADEL,1,,,,,E,12
UGI,BARCLAYS,1,,,,,,15
UGL,BARCLAYS,1,,,,,E,15
UGP,WOLVERINE,2,,,,,,15
UHS,SIG,1,,,,,,13
UIHC,CITADEL,2,,,,,,16
UIS,SIG,1,,,,,,24
UKXM,SUMO,4,,,,,,34
UL,BARCLAYS,2,,,,,,21
ULTA,WOLVERINE,3,,,Y,Y,L-W,26
UMBF,WOLVERINE,3,,,,,,21
UMC,WOLVERINE,1,,,,,,14
UMPQ,CITADEL,3,,,,,,15
UN,CITADEL,2,,,,,,14
UNFI,SIG,2,,Y,,,L,16
UNG,CITADEL,1,,,Y,Y,E-L-W,34
UNH,SIG,3,,,Y,Y,L-W,12
UNIT,CITADEL,2,,,Y,Y,L,26
UNL,SIG:RUT,3,,,,,E,34
UNM,SIG,3,,Y,,,L,11
UNP,BARCLAYS,2,,,Y,Y,L-W,25
UNT,CITADEL,3,,,,,,11
UNVR,SIG,3,,Y,,,L,11
UPL,GROUP ONE,2,,,Y,,L,17
UPLD,GROUP ONE,1,,,,,,17
UPRO,BARCLAYS,3,,,Y,Y,E-L-W,25
UPS,SIG,1,,,Y,Y,L-W,23
URA,CITADEL,1,,,,,E,15
URBN,SIG,3,,,Y,Y,L-W,16
URE,CITADEL,3,,,,,E,14
URGN,SIG,2,,,,,,11
URI,CITADEL,3,,,Y,Y,L-W,15
USAC,SIG,3,,,,,,14
USAT,WOLVERINE,3,,,,,,16
USB,BARCLAYS,3,,,Y,Y,L-W,14
USCR,WOLVERINE,2,,,,,,14
USD,CITADEL,2,,,,,E,21
USDU,WOLVERINE,1,,,,,E,11
USFD,MORGAN,1,,,,,,26
USG,TWO SIGMA,2,,,Y,,L,22
USHY,WOLVERINE,3,,,,,E,14
USIG,SIG:RUT,1,,,,,E,34
USL,CITADEL,1,,,,,E,13
USM,MORGAN,1,,,,,,21
USMC,SUMO,3,,,,,E,13
USMV,SIG:RUT,3,,,,,E,34
USNA,CITADEL,1,,Y,,,L,25
USO,SIG:RUT,1,,Y,Y,Y,E-L-W,34
UST,SIG:RUT,2,,,,,E,34
USX,CITADEL,2,,,,,,25
UTHR,SIG,2,,,,,,13
UTSI,SIG,2,,,,,,26
UTX,SIG,2,,,Y,Y,L-W,14
UUP,CITADEL,3,,,Y,Y,E-L-W,34
UUUU,SIG,1,,,,,,17
UVE,CITADEL,2,,,,,,11
UVV,CITADEL,2,,,,,,14
UVXY,GROUP ONE:VIX,3,,,Y,Y,E-L-W,70
UWM,CITADEL,1,,,,,E,15
UXIN,WOLVERINE,2,,,Y,Y,L,14
UYG,CITADEL,3,,,,,E,15
UYM,CITADEL,2,,,,,E,16
V,BARCLAYS,3,,Y,Y,Y,L-W,25
VAC,BARCLAYS,1,,Y,Y,,L,14
VALE,BARCLAYS,3,,,Y,Y,L-W,25
VAR,SIG,2,,,,,,26
VAW,SIG:RUT,2,,,,,E,34
VB,SIG:RUT,3,,,,,E,34
VBK,SIG:RUT,3,,,,,E,34
VBLT,GROUP ONE,3,,,,,,17
VBR,SIG:RUT,3,,,,,E,34
VBTX,SIG,1,,,,,,21
VC,CITADEL,3,,Y,,,L,24
VCEL,GROUP ONE,1,,,,,,17
VCIT,SIG:RUT,2,,,,,E,34
VCLT,SIG:RUT,3,,,,,E,34
VCR,SIG:RUT,3,,,,,E,34
VCRA,WOLVERINE,1,,,,,,16
VCYT,SIG,3,,,,,,21
VDC,SIG:RUT,1,,,,,E,34
VDE,SIG:RUT,3,,,,,E,34
VEA,SIG:RUT,3,,,,,E,34
VECO,CITADEL,1,,,,,,23
VEDL,CITADEL,3,,,,,,25
VEEV,SIG,3,,,Y,Y,L,17
VEON,CITADEL,3,,,,,,16
VER,WOLVERINE,1,,,Y,,L,14
VERU,WOLVERINE,1,,,,,,23
VET,SIG,3,,,,,,12
VEU,SIG:RUT,3,,,,,E,34
VFC,SIG,2,,,Y,Y,L-W,21
VFH,SIG:RUT,2,,,,,E,34
VG,WOLVERINE,3,,,,,,11
VGK,SIG:RUT,3,,,,,E,34
VGR,SIG,2,,Y,,,L,12
VGT,SIG:RUT,2,,,,,E,34
VGZ,WOLVERINE,3,,,,,,14
VHC,BARCLAYS,3,,,Y,,L,13
VHT,SIG:RUT,3,,,,,E,34
VIA,WOLVERINE,3,,,,,,14
VIAB,SIG,3,,,Y,Y,L-W,23
VIAV,SIG,3,,,Y,,L,26
VICI,GROUP ONE,3,,,,,,17
VICL,WOLVERINE,3,,,,,,16
VICR,BARCLAYS,1,,,,,,12
VIG,SIG:RUT,2,,,,,E,34
VIIX,GROUP ONE:VIX,3,,,,,N,70
VIPS,SIG,2,,,Y,Y,L-W,13
VIRT,CITADEL,3,,,,,,11
VIS,SIG:RUT,2,,,,,E,34
VIV,WOLVERINE,2,,,,,,23
VIVE,WOLVERINE,1,,,,,,14
VIVO,SIG,1,,,,,,23
VIX,PENDING,2,,,,,,70
VIXM,GROUP ONE:VIX,3,,,Y,,E-L-W,70
VIXY,GROUP ONE:VIX,3,,,Y,Y,E-L-W,70
VJET,WOLVERINE,2,,,,,,24
VKTX,GROUP ONE,2,,,Y,Y,L,17
VLO,WOLVERINE,3,,,Y,Y,L-W,24
VLRS,WOLVERINE,3,,,,,,14
VLUE,WOLVERINE,3,,,,,E,14
VLY,CITADEL,3,,,,,,26
VMC,MORGAN,2,,,Y,Y,L,13
VMI,BARCLAYS,3,,,,,,21
VMW,SIG,1,,,Y,Y,L-W,12
VNDA,CITADEL,3,,,,,,22
VNE,WOLVERINE,2,,,,,,14
VNET,CITADEL,3,,,,,W,23
VNO,SIG,3,,,,,,23
VNOM,WOLVERINE,3,,,Y,Y,L,23
VNQ,BARCLAYS,3,,,Y,Y,E-L,23
VNQI,SIG:RUT,1,,,,,E,34
VNTR,WOLVERINE,3,,,,,,14
VO,SIG:RUT,1,,,,,E,34
VOC,MORGAN,1,,,,,,11
VOD,CITIGROUP,1,,Y,Y,Y,L-W,26
VOE,SIG:RUT,1,,,,,E,34
VOO,SIG:RUT,1,,,,,E,34
VOT,SIG:RUT,3,,,,,E,34
VOX,SIG:RUT,1,,,,,E,34
VOXX,CITADEL,2,,,,,,21
VOYA,SIG,2,,,,,,21
VPG,SIG,3,,,,,,13
VPL,SIG:RUT,3,,,,,E,34
VPU,SIG:RUT,3,,,,,E,34
VRA,MORGAN,2,,,,,,24
VRAY,GROUP ONE,3,,,Y,Y,L,17
VREX,GROUP ONE,2,,,,,,17
VRNS,WOLVERINE,3,,,,,,14
VRNT,SIG,3,,,,,,21
VRP,WOLVERINE,1,,,,,E,12
VRS,SIG,1,,,,,,25
VRSK,CITADEL,3,,,,,,13
VRSN,SIG,3,,Y,,,L,24
VRTV,WOLVERINE,1,,,,,,15
VRTX,CITADEL,1,,,Y,Y,L-W,11
VSAT,BARCLAYS,3,,Y,,,L,23
VSH,SIG,1,,Y,,,L,13
VSI,BARCLAYS,2,,,,,,26
VSLR,SIG,1,,,,,,12
VSM,GROUP ONE,3,,,,,,17
VSS,SIG:RUT,2,,,,,E,34
VST,SIG,1,,,Y,,L,15
VSTM,CITADEL,3,,,Y,Y,L,26
VSTO,WOLVERINE,2,,,Y,,L,14
VT,SIG:RUT,2,,,,,E,34
VTI,SIG:RUT,3,,,,,E,34
VTL,SIG,3,,,Y,Y,L,26
VTNR,WOLVERINE,1,,,,,,12
VTR,CITADEL,2,,,Y,Y,L,15
VTV,SIG:RUT,2,,,,,E,34
VTWO,SIG:RUT,3,,,,,E,34
VUG,SIG:RUT,3,,,,,E,34
VUZI,GROUP ONE,1,,,Y,Y,L,17
VV,SIG:RUT,1,,,,,E,34
VVUS,CITADEL,3,,,,,,24
VVV,CITADEL,1,,Y,,,L,15
VWO,SIG:RUT,3,,,Y,Y,E-L-W,34
VXF,SIG:RUT,3,,,,,E,34
VXUS,SIG:RUT,1,,,,,E,34
VXXB,BARCLAYS,3,,,Y,Y,L-N-W,70
VXZB,BARCLAYS,3,,,,,N,17
VYM,SIG:RUT,1,,,,,E,34
VZ,SIG,1,,,Y,Y,L-W,24
W,WOLVERINE,2,,,Y,Y,L-W,24
WAB,BARCLAYS,1,,Y,,,L,14
WABC,SIG,1,,,,,,12
WAFD,WOLVERINE,1,,,,,,23
WAGE,WOLVERINE,2,,,,,,16
WAIR,WOLVERINE,2,,,,,,14
WAL,SIG,3,,,,,,17
WAT,BARCLAYS,2,,,,,,21
WATT,GROUP ONE,2,,,Y,Y,L,17
WB,SIG,1,,,Y,Y,L-W,14
WBA,CITADEL,1,,,Y,Y,L-W,25
WBAI,WOLVERINE,3,,,,,,16
WBC,CITADEL,3,,,,,,15
WBS,BARCLAYS,1,,,,,,21
WCC,BARCLAYS,1,,,,,,25
WCG,BARCLAYS,3,,,,,,25
WCN,CITADEL,2,,,,,,12
WD,WOLVERINE,2,,,,,,23
WDAY,SIG,3,,,Y,Y,L-W,13
WDC,SIG,1,,,Y,Y,L-W,12
WDR,MORGAN,3,,,,,,12
WEAT,SIG:RUT,1,,,,,E,34
WEC,WOLVERINE,1,,,,,,23
WELL,WOLVERINE,3,,Y,,,L,14
WEN,SIG,2,,,Y,Y,L,21
WERN,CITADEL,3,,Y,,,L,12
WES,CITADEL,2,,,,,,16
WETF,CITADEL,3,,,Y,,L,14
WFC,SIG,1,,,Y,Y,L-W,26
WFT,SIG,2,,,Y,Y,L-W,11
WGO,SIG,1,,,Y,Y,L,11
WHR,BARCLAYS,3,,,Y,Y,L-W,25
WIFI,WOLVERINE,2,,,,,,15
WING,WOLVERINE,3,,,Y,Y,L,11
WINMQ,GROUP ONE,2,,,Y,Y,L,17
WIRE,BARCLAYS,2,,,,,,12
WIT,CITADEL,3,,,,,,21
WIX,WOLVERINE,1,,,Y,Y,L,26
WK,CITADEL,1,,,,,,12
WLH,SIG,2,,,,,,14
WLK,BARCLAYS,1,,,,,,26
WLKP,CITADEL,2,,,,,,11
WLL,SIG,3,,,Y,Y,L-W,24
WLTW,SIG,1,,,,,,24
WM,MORGAN,1,,,Y,Y,L,16
WMB,SIG,2,,,Y,Y,L-W,14
WMC,SIG,1,,,,,,24
WMGI,GROUP ONE,2,,,,,,17
WMS,WOLVERINE,3,,,,,,12
WMT,BARCLAYS,3,,,Y,Y,L-W,15
WNC,SIG,1,,Y,,,L,21
WOOD,SIG:RUT,2,,,,,E,34
WOR,BARCLAYS,3,,,,,,21
WP,BARCLAYS,2,,,Y,Y,L,21
WPC,SIG,1,,,,,,14
WPG,SIG,1,,,,,,14
WPM,BARCLAYS,3,,,Y,Y,L-W,25
WPP,WOLVERINE,2,,,,,,12
WPRT,WOLVERINE,1,,,,,,21
WPS,SUMO,3,,,,,E,24
WPX,SIG,2,,,Y,Y,L,14
WRE,CITADEL,1,,,,,,23
WRI,BARCLAYS,1,,,,,,11
WRK,CITADEL,1,,,,,,23
WRLD,CITADEL,1,,,,,,16
WSBF,SIG,2,,,,,,21
WSFS,SIG,1,,,,,,15
WSM,SIG,2,,,Y,Y,L,12
WSO,WOLVERINE,2,,,,,,24
WSR,CITADEL,3,,,,,,12
WTFC,WOLVERINE,3,,,,,,13
WTI,SIG,1,,,,,,13
WTR,CITADEL,3,,,,,,26
WTS,WOLVERINE,3,,,,,,14
WTTR,WOLVERINE,1,,,,,,14
WTW,MORGAN,1,,,Y,Y,L-W,21
WU,CITADEL,2,,,,,,15
WUBA,CITADEL,1,,,Y,Y,L,12
WVE,CITADEL,1,,,,,,15
WWD,MORGAN,1,,,,,,16
WWE,CITADEL,1,,,Y,Y,L,13
WWW,WOLVERINE,3,,,,,,24
WY,SIG,1,,,Y,Y,L-W,24
WYND,CITADEL,2,,,Y,,L,24
WYNN,SIG,3,,,Y,Y,L-W,26
X,BARCLAYS,1,,,Y,Y,L-W,25
XAN,WOLVERINE,2,,,,,,13
XAR,SUMO,1,,,,,E,15
XBI,SIG:RUT,3,,,Y,Y,E-L-W,34
XBIT,SIG,1,,,,,,24
XEC,TWO SIGMA,3,,Y,Y,Y,L,22
XEL,SIG,3,,,,,,26
XENT,SIG,1,,,,,,16
XEO,OEX,4,,,Y,Y,L-Q-W,29
XES,SIG:RUT,3,,,,,E,34
XHB,SIG:RUT,3,,,Y,Y,E-L-W,34
XHE,SUMO,2,,,,,E,15
XHR,SUMO,3,,,,,,11
XIN,BARCLAYS,1,,,,,,23
XLB,TWO SIGMA,3,,,Y,Y,E-L-W,22
XLC,CITADEL,2,,,Y,Y,E-L,17
XLE,TWO SIGMA,3,,Y,Y,Y,E-L-Q-W,22
XLF,TWO SIGMA,3,,Y,Y,Y,E-L-Q-W,22
XLI,MORGAN,3,,,Y,Y,E-L-W,25
XLK,TWO SIGMA,3,,,Y,Y,E-L-W,22
XLNX,CITIGROUP,3,,,Y,Y,L-W,11
XLP,TWO SIGMA,3,,,Y,Y,E-L-W,22
XLRE,CITADEL,2,,,,,E,12
XLRN,SIG,2,,,,,,11
XLU,TWO SIGMA,3,,,Y,Y,E-L-W,22
XLV,TWO SIGMA,3,,,Y,Y,E-L-W,22
XLY,MORGAN,3,,,Y,Y,E-L-W,25
XME,SIG:RUT,3,,,Y,Y,E-L-W,34
XMLV,SUMO,3,,,,,E,16
XNCR,SIG,2,,,,,,11
XNET,SIG,3,,,Y,Y,L-W,23
XOG,GROUP ONE,3,,,,,,11
XOM,SIG,1,,,Y,Y,L-W,21
XON,GROUP ONE,1,,,Y,Y,L,17
XONE,CITADEL,2,,,,,,14
XOP,CITADEL,3,,,Y,Y,E-L-W,26
XPER,CITADEL,3,,,,,,25
XPH,MORGAN,1,,,,,E,24
XPO,SIG,2,,,Y,Y,L,26
XPP,CITADEL,1,,,,,E,13
XRAY,WOLVERINE,1,,,Y,Y,L,13
XRF,GROUP ONE,2,,,,,,17
XRT,TWO SIGMA,3,,,Y,Y,E-L-W,22
XRX,SIG,1,,,Y,Y,L,11
XSD,SIG:RUT,1,,,,,E,34
XSP,SIG,,,,Y,,L-W,40
XSPA,SIG,2,,,,,,13
XT,SUMO,1,,,,,E,25
XXII,CITADEL,1,,,Y,Y,L,21
XYL,BARCLAYS,1,,Y,,,L,23
YANG,SIG:RUT,1,,,,,E,34
YCL,SIG:RUT,3,,,,,E,34
YCS,CITADEL,2,,,,,E,16
YELP,SIG,2,,,Y,Y,L-W,16
YEXT,SIG,2,,,,,,21
YINN,SIG:RUT,1,,,Y,Y,E-L,34
YMLP,SUMO,1,,,,,E,26
YNDX,CITADEL,2,,,Y,Y,L-W,21
YPF,GROUP ONE,1,,,Y,Y,L-W,17
YRCW,CITADEL,1,,,Y,Y,L,25
YRD,SIG,2,,,,,,12
YUM,SIG,1,,,Y,Y,L-W,16
YUMC,SIG,1,,,Y,Y,L,15
YXI,SUMO,2,,,,,E,23
YY,SIG,2,,,Y,Y,L-W,11
Z,WOLVERINE,2,,,Y,Y,L-W,24
ZAGG,BARCLAYS,2,,,,,,23
ZAYO,CITADEL,3,,,Y,Y,L,25
ZBH,TWO SIGMA,3,,,,,,22
ZBIO,SUMO,3,,,,,E,11
ZBRA,SIG,2,,Y,,,L,12
ZEN,CITADEL,1,,,Y,Y,L,16
ZEUS,BARCLAYS,1,,,,,,15
ZFGN,SIG,1,,,,,,23
ZG,WOLVERINE,2,,,,,,12
ZGNX,SIG,1,,,Y,Y,L,23
ZION,BARCLAYS,1,,,Y,Y,L,21
ZIOP,GROUP ONE,1,,,Y,Y,L,17
ZIXI,WOLVERINE,2,,,,,,14
ZLAB,SIG,3,,,,,,25
ZN,GROUP ONE,3,,,Y,Y,L,17
ZNGA,CITADEL,3,,,Y,Y,L-W,11
ZNH,WOLVERINE,3,,,,,,23
ZROZ,SIG:RUT,3,,,,,E,34
ZS,MORGAN,2,,Y,Y,Y,L,14
ZSL,BARCLAYS,2,,,,,E,12
ZTO,MORGAN,1,,,Y,Y,L,15
ZTS,WOLVERINE,1,,,Y,Y,L-W,13
ZUMZ,BARCLAYS,2,,,,,,12
ZUO,SIG,3,,,Y,Y,L,12
ZYNE,SIG,2,,,Y,,L,25
TRUE,SIG,1,,,Y,,L,23
